"행정구역","2023년12월_계_총인구수","2023년12월_계_연령구간인구수","2023년12월_계_0~9세","2023년12월_계_10~19세","2023년12월_계_20~29세","2023년12월_계_30~39세","2023년12월_계_40~49세","2023년12월_계_50~59세","2023년12월_계_60~69세","2023년12월_계_70~79세","2023년12월_계_80~89세","2023년12월_계_90~99세","2023년12월_계_100세 이상","2023년12월_남_총인구수","2023년12월_남_연령구간인구수","2023년12월_남_0~9세","2023년12월_남_10~19세","2023년12월_남_20~29세","2023년12월_남_30~39세","2023년12월_남_40~49세","2023년12월_남_50~59세","2023년12월_남_60~69세","2023년12월_남_70~79세","2023년12월_남_80~89세","2023년12월_남_90~99세","2023년12월_남_100세 이상","2023년12월_여_총인구수","2023년12월_여_연령구간인구수","2023년12월_여_0~9세","2023년12월_여_10~19세","2023년12월_여_20~29세","2023년12월_여_30~39세","2023년12월_여_40~49세","2023년12월_여_50~59세","2023년12월_여_60~69세","2023년12월_여_70~79세","2023년12월_여_80~89세","2023년12월_여_90~99세","2023년12월_여_100세 이상"
"서울특별시  (1100000000)","9,386,034","9,386,034","513,562","733,211","1,355,811","1,427,405","1,420,073","1,495,557","1,315,938","738,469","339,214","45,346","1,448","4,540,031","4,540,031","263,448","375,346","643,229","713,915","703,001","734,760","622,855","334,075","137,024","12,059","319","4,846,003","4,846,003","250,114","357,865","712,582","713,490","717,072","760,797","693,083","404,394","202,190","33,287","1,129"
"서울특별시 종로구 (1111000000)","139,417","139,417","5,919","9,739","21,496","19,322","19,194","23,915","20,689","11,503","6,644","961","35","67,306","67,306","2,989","4,776","10,174","9,648","9,291","11,854","10,365","5,211","2,674","315","9","72,111","72,111","2,930","4,963","11,322","9,674","9,903","12,061","10,324","6,292","3,970","646","26"
"서울특별시 중구 (1114000000)","121,312","121,312","5,630","6,156","17,537","20,864","16,769","19,068","18,333","10,491","5,561","876","27","58,659","58,659","2,879","3,090","7,979","10,432","8,544","9,529","9,137","4,735","2,101","228","5","62,653","62,653","2,751","3,066","9,558","10,432","8,225","9,539","9,196","5,756","3,460","648","22"
"서울특별시 용산구 (1117000000)","213,151","213,151","11,089","13,620","30,103","37,410","31,288","34,317","29,326","15,622","8,905","1,415","56","102,312","102,312","5,660","6,929","13,849","18,615","15,470","16,765","14,294","6,880","3,409","429","12","110,839","110,839","5,429","6,691","16,254","18,795","15,818","17,552","15,032","8,742","5,496","986","44"
"서울특별시 성동구 (1120000000)","277,361","277,361","16,893","17,851","40,979","45,664","40,926","44,449","38,578","20,407","10,317","1,253","44","134,519","134,519","8,690","8,924","19,821","22,357","20,525","21,870","18,883","9,126","3,976","333","14","142,842","142,842","8,203","8,927","21,158","23,307","20,401","22,579","19,695","11,281","6,341","920","30"
"서울특별시 광진구 (1121500000)","335,554","335,554","15,208","23,804","58,849","54,943","48,103","53,156","45,536","23,571","10,928","1,413","43","161,277","161,277","7,788","12,002","27,297","27,423","23,573","25,844","21,765","10,740","4,442","390","13","174,277","174,277","7,420","11,802","31,552","27,520","24,530","27,312","23,771","12,831","6,486","1,023","30"
"서울특별시 동대문구 (1123000000)","341,149","341,149","18,302","22,607","56,872","49,462","48,695","52,540","48,556","28,348","14,080","1,630","57","167,346","167,346","9,298","11,488","27,005","25,472","25,068","26,513","23,638","12,757","5,654","442","11","173,803","173,803","9,004","11,119","29,867","23,990","23,627","26,027","24,918","15,591","8,426","1,188","46"
"서울특별시 중랑구 (1126000000)","382,155","382,155","19,114","23,960","50,042","57,817","53,139","64,730","63,318","33,269","14,880","1,833","53","187,372","187,372","9,738","12,269","23,994","29,472","27,692","31,934","30,643","15,193","5,996","433","8","194,783","194,783","9,376","11,691","26,048","28,345","25,447","32,796","32,675","18,076","8,884","1,400","45"
"서울특별시 성북구 (1129000000)","425,602","425,602","24,097","35,002","64,693","56,113","63,436","70,949","58,000","33,630","17,411","2,212","59","204,171","204,171","12,368","17,791","30,425","28,099","31,187","34,948","27,235","14,629","6,874","600","15","221,431","221,431","11,729","17,211","34,268","28,014","32,249","36,001","30,765","19,001","10,537","1,612","44"
"서울특별시 강북구 (1130500000)","288,113","288,113","11,575","19,141","38,155","34,997","39,902","50,265","47,856","29,760","14,811","1,604","47","139,514","139,514","5,949","9,756","18,226","18,431","20,593","24,859","22,582","12,750","5,913","442","13","148,599","148,599","5,626","9,385","19,929","16,566","19,309","25,406","25,274","17,010","8,898","1,162","34"
"서울특별시 도봉구 (1132000000)","306,948","306,948","14,242","22,372","37,439","37,607","42,514","54,263","52,978","28,964","14,577","1,934","58","148,796","148,796","7,365","11,583","18,646","19,325","21,327","25,879","24,988","13,311","5,834","523","15","158,152","158,152","6,877","10,789","18,793","18,282","21,187","28,384","27,990","15,653","8,743","1,411","43"
"서울특별시 노원구 (1135000000)","498,213","498,213","26,425","47,172","66,301","61,022","75,401","86,441","73,117","39,713","19,653","2,883","85","239,117","239,117","13,636","24,431","33,591","30,600","35,987","41,670","33,876","17,438","7,146","725","17","259,096","259,096","12,789","22,741","32,710","30,422","39,414","44,771","39,241","22,275","12,507","2,158","68"
"서울특별시 은평구 (1138000000)","466,770","466,770","24,274","35,539","61,795","66,353","70,241","77,837","68,844","39,835","19,745","2,250","57","221,725","221,725","12,382","18,197","28,844","32,388","34,716","37,505","31,838","17,300","7,923","617","15","245,045","245,045","11,892","17,342","32,951","33,965","35,525","40,332","37,006","22,535","11,822","1,633","42"
"서울특별시 서대문구 (1141000000)","306,231","306,231","17,523","22,123","48,432","44,907","44,253","48,893","41,361","23,676","13,291","1,710","62","145,404","145,404","8,953","11,050","22,523","22,050","21,898","23,609","19,493","10,213","5,132","470","13","160,827","160,827","8,570","11,073","25,909","22,857","22,355","25,284","21,868","13,463","8,159","1,240","49"
"서울특별시 마포구 (1144000000)","363,697","363,697","20,628","26,475","58,900","63,807","56,934","56,034","42,357","23,727","12,991","1,794","50","169,990","169,990","10,535","13,232","25,842","30,146","27,547","27,235","19,936","9,938","5,032","538","9","193,707","193,707","10,093","13,243","33,058","33,661","29,387","28,799","22,421","13,789","7,959","1,256","41"
"서울특별시 양천구 (1147000000)","436,028","436,028","25,379","47,734","52,524","53,072","72,533","74,823","62,641","32,411","12,885","1,961","65","212,835","212,835","13,030","24,873","26,412","26,379","34,708","36,952","29,829","15,193","5,005","441","13","223,193","223,193","12,349","22,861","26,112","26,693","37,825","37,871","32,812","17,218","7,880","1,520","52"
"서울특별시 강서구 (1150000000)","563,058","563,058","31,189","41,817","79,178","96,654","86,420","83,179","80,358","43,606","17,853","2,722","82","269,822","269,822","15,874","21,467","35,814","48,196","43,392","40,386","36,969","20,199","6,870","639","16","293,236","293,236","15,315","20,350","43,364","48,458","43,028","42,793","43,389","23,407","10,983","2,083","66"
"서울특별시 구로구 (1153000000)","392,405","392,405","22,434","28,218","50,871","61,099","58,402","61,922","58,661","34,557","14,483","1,709","49","192,341","192,341","11,533","14,361","24,527","31,127","29,840","30,688","27,748","16,060","6,005","443","9","200,064","200,064","10,901","13,857","26,344","29,972","28,562","31,234","30,913","18,497","8,478","1,266","40"
"서울특별시 금천구 (1154500000)","227,481","227,481","9,884","12,927","34,974","37,954","29,544","37,514","36,325","19,085","8,269","973","32","114,414","114,414","5,036","6,533","16,848","20,881","15,815","18,843","17,899","8,899","3,387","265","8","113,067","113,067","4,848","6,394","18,126","17,073","13,729","18,671","18,426","10,186","4,882","708","24"
"서울특별시 영등포구 (1156000000)","374,794","374,794","22,177","22,953","57,013","70,894","53,987","55,375","49,135","27,907","13,528","1,766","59","183,726","183,726","11,331","11,835","25,876","35,882","27,793","27,977","24,102","12,819","5,568","527","16","191,068","191,068","10,846","11,118","31,137","35,012","26,194","27,398","25,033","15,088","7,960","1,239","43"
"서울특별시 동작구 (1159000000)","378,769","378,769","20,071","25,994","63,725","59,866","54,621","57,311","50,582","30,415","14,259","1,870","55","183,153","183,153","10,237","13,308","30,782","30,406","27,344","27,804","23,482","13,298","5,958","519","15","195,616","195,616","9,834","12,686","32,943","29,460","27,277","29,507","27,100","17,117","8,301","1,351","40"
"서울특별시 관악구 (1162000000)","481,956","481,956","16,480","25,079","107,379","88,440","61,705","65,806","60,418","37,814","16,959","1,823","53","242,651","242,651","8,493","12,714","52,059","49,472","33,113","33,668","28,459","16,935","7,245","483","10","239,305","239,305","7,987","12,365","55,320","38,968","28,592","32,138","31,959","20,879","9,714","1,340","43"
"서울특별시 서초구 (1165000000)","407,664","407,664","27,818","44,806","49,898","56,963","72,244","65,208","48,005","29,046","11,852","1,761","63","194,291","194,291","14,264","22,675","23,798","26,370","33,432","32,264","22,356","13,207","5,380","530","15","213,373","213,373","13,554","22,131","26,100","30,593","38,812","32,944","25,649","15,839","6,472","1,231","48"
"서울특별시 강남구 (1168000000)","544,873","544,873","33,005","61,808","67,585","78,771","98,977","85,767","62,810","38,828","14,912","2,321","89","260,520","260,520","17,007","32,263","31,857","36,826","45,417","42,782","29,208","17,810","6,697","637","16","284,353","284,353","15,998","29,545","35,728","41,945","53,560","42,985","33,602","21,018","8,215","1,684","73"
"서울특별시 송파구 (1171000000)","654,166","654,166","43,314","57,453","84,619","104,789","106,463","101,034","89,738","46,676","17,246","2,743","91","314,347","314,347","22,408","29,258","39,820","50,036","51,645","48,647","42,062","22,458","7,341","654","18","339,819","339,819","20,906","28,195","44,799","54,753","54,818","52,387","47,676","24,218","9,905","2,089","73"
"서울특별시 강동구 (1174000000)","459,167","459,167","30,892","38,861","56,452","68,615","74,382","70,761","68,416","35,608","13,174","1,929","77","224,423","224,423","16,005","20,541","27,220","33,882","37,084","34,735","32,068","16,976","5,462","436","14","234,744","234,744","14,887","18,320","29,232","34,733","37,298","36,026","36,348","18,632","7,712","1,493","63"
"부산광역시  (2600000000)","3,293,362","3,293,362","194,403","263,339","377,587","390,659","484,716","541,925","560,720","320,407","141,906","17,268","432","1,605,431","1,605,431","99,689","135,082","193,992","201,309","244,820","264,670","264,259","144,256","53,412","3,880","62","1,687,931","1,687,931","94,714","128,257","183,595","189,350","239,896","277,255","296,461","176,151","88,494","13,388","370"
"부산광역시 중구 (2611000000)","38,619","38,619","875","1,662","5,395","4,259","4,408","6,343","7,761","5,107","2,457","333","19","18,703","18,703","480","813","2,571","2,278","2,362","3,309","3,705","2,202","904","78","1","19,916","19,916","395","849","2,824","1,981","2,046","3,034","4,056","2,905","1,553","255","18"
"부산광역시 서구 (2614000000)","104,089","104,089","4,886","7,001","12,227","10,377","13,487","16,868","19,387","12,627","6,385","828","16","50,028","50,028","2,551","3,577","5,879","5,301","6,864","8,580","9,208","5,556","2,334","172","6","54,061","54,061","2,335","3,424","6,348","5,076","6,623","8,288","10,179","7,071","4,051","656","10"
"부산광역시 동구 (2617000000)","87,792","87,792","3,978","4,658","9,323","10,998","11,404","14,183","16,077","10,899","5,580","679","13","42,736","42,736","2,035","2,387","4,508","5,778","6,164","7,371","7,624","4,731","1,980","155","3","45,056","45,056","1,943","2,271","4,815","5,220","5,240","6,812","8,453","6,168","3,600","524","10"
"부산광역시 영도구 (2620000000)","106,548","106,548","4,329","6,696","9,771","9,664","13,578","17,759","21,996","14,841","7,117","778","19","52,317","52,317","2,199","3,419","5,356","5,233","7,104","9,132","10,585","6,508","2,605","174","2","54,231","54,231","2,130","3,277","4,415","4,431","6,474","8,627","11,411","8,333","4,512","604","17"
"부산광역시 부산진구 (2623000000)","359,508","359,508","19,487","23,904","49,500","50,107","49,677","56,364","59,016","33,830","15,769","1,815","39","172,607","172,607","9,942","12,061","23,481","25,537","25,228","27,427","27,637","14,984","5,866","438","6","186,901","186,901","9,545","11,843","26,019","24,570","24,449","28,937","31,379","18,846","9,903","1,377","33"
"부산광역시 동래구 (2626000000)","270,815","270,815","18,208","25,429","28,476","31,431","43,250","44,031","43,054","25,129","10,530","1,251","26","130,920","130,920","9,346","13,233","14,593","15,798","21,155","21,233","19,732","11,402","4,147","279","2","139,895","139,895","8,862","12,196","13,883","15,633","22,095","22,798","23,322","13,727","6,383","972","24"
"부산광역시 남구 (2629000000)","254,185","254,185","14,089","22,039","32,220","26,563","37,745","41,513","41,036","25,948","11,721","1,283","28","123,851","123,851","7,226","11,360","16,951","13,708","18,862","20,498","18,843","11,455","4,636","306","6","130,334","130,334","6,863","10,679","15,269","12,855","18,883","21,015","22,193","14,493","7,085","977","22"
"부산광역시 북구 (2632000000)","273,596","273,596","15,966","21,311","30,177","32,370","37,049","49,047","51,540","24,512","10,329","1,256","39","134,559","134,559","8,224","11,017","16,097","17,033","18,771","22,923","25,102","11,376","3,770","245","1","139,037","139,037","7,742","10,294","14,080","15,337","18,278","26,124","26,438","13,136","6,559","1,011","38"
"부산광역시 해운대구 (2635000000)","380,448","380,448","23,130","35,520","40,453","41,581","59,413","67,569","61,825","33,516","15,335","2,048","58","182,289","182,289","11,842","18,338","21,029","20,621","28,360","31,970","29,100","14,970","5,576","473","10","198,159","198,159","11,288","17,182","19,424","20,960","31,053","35,599","32,725","18,546","9,759","1,575","48"
"부산광역시 사하구 (2638000000)","297,831","297,831","15,603","23,643","33,827","32,709","42,518","51,362","54,912","29,706","12,058","1,455","38","147,805","147,805","8,076","12,063","18,255","17,413","21,937","25,341","26,199","13,721","4,493","304","3","150,026","150,026","7,527","11,580","15,572","15,296","20,581","26,021","28,713","15,985","7,565","1,151","35"
"부산광역시 금정구 (2641000000)","215,590","215,590","9,865","16,061","28,338","21,876","28,221","36,147","39,634","23,440","10,638","1,337","33","105,149","105,149","5,033","8,214","15,319","11,676","14,137","17,327","18,469","10,528","4,126","313","7","110,441","110,441","4,832","7,847","13,019","10,200","14,084","18,820","21,165","12,912","6,512","1,024","26"
"부산광역시 강서구 (2644000000)","142,396","142,396","17,253","14,979","11,290","23,139","28,830","17,336","17,698","8,168","3,215","481","7","73,821","73,821","8,901","7,638","6,207","11,764","15,813","9,216","8,883","4,129","1,172","96","2","68,575","68,575","8,352","7,341","5,083","11,375","13,017","8,120","8,815","4,039","2,043","385","5"
"부산광역시 연제구 (2647000000)","205,766","205,766","12,623","16,137","23,035","26,074","30,791","33,363","33,804","20,110","8,844","966","19","98,344","98,344","6,394","8,170","11,418","13,123","15,174","15,857","15,465","8,952","3,560","228","3","107,422","107,422","6,229","7,967","11,617","12,951","15,617","17,506","18,339","11,158","5,284","738","16"
"부산광역시 수영구 (2650000000)","174,518","174,518","8,992","11,452","22,253","23,503","24,359","26,824","28,962","18,782","8,290","1,076","25","81,901","81,901","4,541","5,907","10,538","11,816","11,979","12,579","12,675","8,284","3,306","269","7","92,617","92,617","4,451","5,545","11,715","11,687","12,380","14,245","16,287","10,498","4,984","807","18"
"부산광역시 사상구 (2653000000)","202,932","202,932","9,476","13,770","24,928","23,988","26,571","36,351","40,236","19,535","7,281","774","22","101,865","101,865","4,895","7,043","13,071","13,104","13,999","18,098","19,865","9,017","2,621","151","1","101,067","101,067","4,581","6,727","11,857","10,884","12,572","18,253","20,371","10,518","4,660","623","21"
"부산광역시 기장군 (2671000000)","178,729","178,729","15,643","19,077","16,374","22,020","33,415","26,865","23,782","14,257","6,357","908","31","88,536","88,536","8,004","9,842","8,719","11,126","16,911","13,809","11,167","6,441","2,316","199","2","90,193","90,193","7,639","9,235","7,655","10,894","16,504","13,056","12,615","7,816","4,041","709","29"
"대구광역시  (2700000000)","2,374,960","2,374,960","150,403","214,121","282,470","279,965","356,114","420,799","365,980","195,523","96,888","12,432","265","1,166,803","1,166,803","77,161","110,515","148,961","149,088","176,398","205,400","175,097","86,180","35,074","2,897","32","1,208,157","1,208,157","73,242","103,606","133,509","130,877","179,716","215,399","190,883","109,343","61,814","9,535","233"
"대구광역시 중구 (2711000000)","89,064","89,064","6,809","6,234","12,652","14,494","13,017","12,858","11,082","7,379","3,971","550","18","42,629","42,629","3,449","3,104","5,843","7,516","6,587","6,288","5,159","3,031","1,500","149","3","46,435","46,435","3,360","3,130","6,809","6,978","6,430","6,570","5,923","4,348","2,471","401","15"
"대구광역시 동구 (2714000000)","342,813","342,813","22,000","26,211","37,409","43,586","49,884","57,048","55,597","32,881","16,242","1,914","41","167,928","167,928","11,193","13,654","19,555","23,295","25,568","27,932","25,839","14,485","5,939","462","6","174,885","174,885","10,807","12,557","17,854","20,291","24,316","29,116","29,758","18,396","10,303","1,452","35"
"대구광역시 서구 (2717000000)","164,088","164,088","6,786","9,649","17,221","18,434","20,367","30,466","33,052","18,544","8,616","935","18","81,498","81,498","3,556","4,867","9,200","10,555","10,948","15,384","15,683","8,030","3,086","188","1","82,590","82,590","3,230","4,782","8,021","7,879","9,419","15,082","17,369","10,514","5,530","747","17"
"대구광역시 남구 (2720000000)","139,187","139,187","5,657","8,415","18,151","16,292","17,987","23,410","24,255","15,356","8,477","1,163","24","66,512","66,512","2,958","4,348","8,804","8,774","8,988","11,510","11,233","6,478","3,123","295","1","72,675","72,675","2,699","4,067","9,347","7,518","8,999","11,900","13,022","8,878","5,354","868","23"
"대구광역시 북구 (2723000000)","419,624","419,624","26,078","39,089","56,359","48,380","63,256","77,531","61,232","30,718","15,095","1,843","43","208,178","208,178","13,337","20,111","30,266","26,155","31,168","38,186","29,734","13,393","5,420","403","5","211,446","211,446","12,741","18,978","26,093","22,225","32,088","39,345","31,498","17,325","9,675","1,440","38"
"대구광역시 수성구 (2726000000)","407,331","407,331","25,683","47,189","47,229","40,417","65,395","74,903","56,654","31,225","16,234","2,354","48","196,277","196,277","13,303","24,647","25,211","20,320","29,984","35,636","26,849","13,613","6,096","614","4","211,054","211,054","12,380","22,542","22,018","20,097","35,411","39,267","29,805","17,612","10,138","1,740","44"
"대구광역시 달서구 (2729000000)","527,781","527,781","31,787","50,428","66,644","60,116","78,802","98,679","82,299","38,878","17,883","2,222","43","258,933","258,933","16,342","25,877","35,012","32,116","38,512","47,213","39,603","17,408","6,358","485","7","268,848","268,848","15,445","24,551","31,632","28,000","40,290","51,466","42,696","21,470","11,525","1,737","36"
"대구광역시 달성군 (2771000000)","262,084","262,084","25,055","26,034","25,648","37,050","45,599","41,914","35,756","16,493","7,463","1,049","23","132,962","132,962","12,727","13,430","14,355","19,650","23,599","20,965","17,707","7,772","2,540","212","5","129,122","129,122","12,328","12,604","11,293","17,400","22,000","20,949","18,049","8,721","4,923","837","18"
"대구광역시 군위군 (2772000000)","22,988","22,988","548","872","1,157","1,196","1,807","3,990","6,053","4,049","2,907","402","7","11,886","11,886","296","477","715","707","1,044","2,286","3,290","1,970","1,012","89","0","11,102","11,102","252","395","442","489","763","1,704","2,763","2,079","1,895","313","7"
"인천광역시  (2800000000)","2,997,410","2,997,410","202,329","272,079","364,103","413,085","480,780","516,033","441,411","197,825","94,397","14,877","491","1,499,016","1,499,016","103,733","139,614","188,915","215,282","247,250","256,886","218,084","91,836","34,124","3,192","100","1,498,394","1,498,394","98,596","132,465","175,188","197,803","233,530","259,147","223,327","105,989","60,273","11,685","391"
"인천광역시 중구 (2811000000)","158,958","158,958","11,981","14,591","20,495","24,760","27,647","24,194","19,336","10,370","4,776","779","29","82,334","82,334","6,215","7,445","10,386","13,435","14,890","13,320","9,764","4,900","1,805","168","6","76,624","76,624","5,766","7,146","10,109","11,325","12,757","10,874","9,572","5,470","2,971","611","23"
"인천광역시 중구영종출장소 (2811400000)","0","0","0","0","0","0","0","0","0","0","0","0","0","0","0","0","0","0","0","0","0","0","0","0","0","0","0","0","0","0","0","0","0","0","0","0","0","0","0"
"인천광역시 중구용유출장소 (2811800000)","0","0","0","0","0","0","0","0","0","0","0","0","0","0","0","0","0","0","0","0","0","0","0","0","0","0","0","0","0","0","0","0","0","0","0","0","0","0","0"
"인천광역시 동구 (2814000000)","59,482","59,482","2,865","4,618","6,049","6,554","8,982","9,886","10,221","6,532","3,277","487","11","29,805","29,805","1,516","2,406","3,203","3,532","4,781","5,200","4,993","2,863","1,214","93","4","29,677","29,677","1,349","2,212","2,846","3,022","4,201","4,686","5,228","3,669","2,063","394","7"
"인천광역시 미추홀구 (2817700000)","405,995","405,995","23,469","31,226","51,874","55,320","62,429","67,640","62,594","33,120","15,970","2,284","69","204,247","204,247","11,946","16,124","27,301","29,795","33,190","34,345","30,030","14,948","6,037","518","13","201,748","201,748","11,523","15,102","24,573","25,525","29,239","33,295","32,564","18,172","9,933","1,766","56"
"인천광역시 연수구 (2818500000)","392,416","392,416","33,651","44,791","47,160","54,305","69,365","66,044","49,069","17,768","8,677","1,534","52","194,599","194,599","17,176","22,872","24,566","27,006","34,094","32,240","24,846","8,379","3,089","323","8","197,817","197,817","16,475","21,919","22,594","27,299","35,271","33,804","24,223","9,389","5,588","1,211","44"
"인천광역시 남동구 (2820000000)","492,415","492,415","29,569","46,160","60,106","61,548","80,158","86,815","75,444","34,768","15,444","2,327","76","244,530","244,530","15,244","23,731","31,079","32,293","40,940","42,816","36,523","15,933","5,474","481","16","247,885","247,885","14,325","22,429","29,027","29,255","39,218","43,999","38,921","18,835","9,970","1,846","60"
"인천광역시 부평구 (2823700000)","494,138","494,138","28,681","39,532","62,183","71,704","73,334","87,268","77,503","34,686","16,619","2,541","87","243,292","243,292","14,659","20,452","31,544","37,383","37,262","42,122","37,485","15,907","5,905","553","20","250,846","250,846","14,022","19,080","30,639","34,321","36,072","45,146","40,018","18,779","10,714","1,988","67"
"인천광역시 계양구 (2824500000)","280,266","280,266","13,795","22,823","36,047","35,759","39,962","55,420","48,770","17,486","8,767","1,392","45","139,459","139,459","6,986","11,613","18,979","18,912","20,274","26,713","24,533","8,207","2,937","295","10","140,807","140,807","6,809","11,210","17,068","16,847","19,688","28,707","24,237","9,279","5,830","1,097","35"
"인천광역시 서구 (2826000000)","624,358","624,358","54,783","62,974","73,193","96,498","109,597","104,249","77,493","30,175","13,160","2,158","78","314,541","314,541","28,164","32,171","37,472","49,202","56,652","52,319","39,184","14,332","4,597","434","14","309,817","309,817","26,619","30,803","35,721","47,296","52,945","51,930","38,309","15,843","8,563","1,724","64"
"인천광역시 서구검단출장소 (2826500000)","0","0","0","0","0","0","0","0","0","0","0","0","0","0","0","0","0","0","0","0","0","0","0","0","0","0","0","0","0","0","0","0","0","0","0","0","0","0","0"
"인천광역시 강화군 (2871000000)","69,005","69,005","2,837","4,354","4,528","4,877","7,133","11,221","16,174","10,354","6,403","1,098","26","34,566","34,566","1,483","2,238","2,584","2,567","3,795","5,873","8,118","5,066","2,575","260","7","34,439","34,439","1,354","2,116","1,944","2,310","3,338","5,348","8,056","5,288","3,828","838","19"
"인천광역시 옹진군 (2872000000)","20,377","20,377","698","1,010","2,468","1,760","2,173","3,296","4,807","2,566","1,304","277","18","11,643","11,643","344","562","1,801","1,157","1,372","1,938","2,608","1,301","491","67","2","8,734","8,734","354","448","667","603","801","1,358","2,199","1,265","813","210","16"
"광주광역시  (2900000000)","1,419,237","1,419,237","99,779","147,525","190,905","174,075","227,259","240,674","184,732","99,128","48,185","6,768","207","700,896","700,896","51,028","76,188","99,724","89,847","113,235","119,067","88,343","43,912","18,019","1,516","17","718,341","718,341","48,751","71,337","91,181","84,228","114,024","121,607","96,389","55,216","30,166","5,252","190"
"광주광역시 동구 (2911000000)","107,176","107,176","7,453","7,472","14,921","14,352","14,525","15,968","15,720","10,340","5,646","753","26","52,830","52,830","3,876","3,840","7,648","7,366","7,643","7,899","7,433","4,551","2,350","220","4","54,346","54,346","3,577","3,632","7,273","6,986","6,882","8,069","8,287","5,789","3,296","533","22"
"광주광역시 서구 (2914000000)","283,991","283,991","17,187","28,162","40,755","33,816","43,958","50,117","38,151","20,598","9,769","1,433","45","138,939","138,939","8,841","14,770","21,003","17,390","21,489","24,390","17,903","9,117","3,697","338","1","145,052","145,052","8,346","13,392","19,752","16,426","22,469","25,727","20,248","11,481","6,072","1,095","44"
"광주광역시 남구 (2915500000)","209,646","209,646","14,746","22,464","24,564","23,258","33,263","32,617","29,971","18,555","8,904","1,260","44","100,350","100,350","7,512","11,180","12,549","11,618","16,368","15,604","13,609","8,130","3,489","284","7","109,296","109,296","7,234","11,284","12,015","11,640","16,895","17,013","16,362","10,425","5,415","976","37"
"광주광역시 북구 (2917000000)","421,683","421,683","28,793","39,979","55,548","52,868","64,391","71,460","60,079","31,636","14,804","2,072","53","208,679","208,679","14,630","20,950","29,241","27,588","32,529","35,177","28,446","14,124","5,525","465","4","213,004","213,004","14,163","19,029","26,307","25,280","31,862","36,283","31,633","17,512","9,279","1,607","49"
"광주광역시 광산구 (2920000000)","396,741","396,741","31,600","49,448","55,117","49,781","71,122","70,512","40,811","17,999","9,062","1,250","39","200,098","200,098","16,169","25,448","29,283","25,885","35,206","35,997","20,952","7,990","2,958","209","1","196,643","196,643","15,431","24,000","25,834","23,896","35,916","34,515","19,859","10,009","6,104","1,041","38"
"대전광역시  (3000000000)","1,442,216","1,442,216","96,727","137,836","199,228","187,965","220,131","243,258","202,026","99,140","48,573","7,121","211","719,292","719,292","49,790","71,227","104,190","99,375","109,916","121,334","97,866","45,677","18,132","1,753","32","722,924","722,924","46,937","66,609","95,038","88,590","110,215","121,924","104,160","53,463","30,441","5,368","179"
"대전광역시 동구 (3011000000)","217,628","217,628","12,176","18,785","28,803","23,856","31,202","36,364","35,060","19,907","10,115","1,320","40","109,555","109,555","6,316","9,674","15,208","12,980","16,282","18,877","17,085","9,035","3,760","330","8","108,073","108,073","5,860","9,111","13,595","10,876","14,920","17,487","17,975","10,872","6,355","990","32"
"대전광역시 중구 (3014000000)","223,256","223,256","11,843","19,722","27,528","23,849","32,213","38,720","35,398","21,402","11,015","1,520","46","109,626","109,626","6,055","10,106","13,975","12,338","16,243","19,648","16,970","9,641","4,238","401","11","113,630","113,630","5,788","9,616","13,553","11,511","15,970","19,072","18,428","11,761","6,777","1,119","35"
"대전광역시 서구 (3017000000)","464,634","464,634","31,263","46,375","68,332","63,357","72,291","77,022","61,687","28,832","13,380","2,040","55","228,024","228,024","16,071","23,930","34,588","32,781","35,111","37,294","29,338","13,329","5,077","495","10","236,610","236,610","15,192","22,445","33,744","30,576","37,180","39,728","32,349","15,503","8,303","1,545","45"
"대전광역시 유성구 (3020000000)","366,845","366,845","32,483","38,502","53,122","57,554","60,825","58,164","41,461","15,922","7,429","1,345","38","185,786","185,786","16,762","19,967","28,678","30,462","30,055","28,813","20,403","7,655","2,673","316","2","181,059","181,059","15,721","18,535","24,444","27,092","30,770","29,351","21,058","8,267","4,756","1,029","36"
"대전광역시 대덕구 (3023000000)","169,853","169,853","8,962","14,452","21,443","19,349","23,600","32,988","28,420","13,077","6,634","896","32","86,301","86,301","4,586","7,550","11,741","10,814","12,225","16,702","14,070","6,017","2,384","211","1","83,552","83,552","4,376","6,902","9,702","8,535","11,375","16,286","14,350","7,060","4,250","685","31"
"울산광역시  (3100000000)","1,103,661","1,103,661","79,086","109,462","122,522","136,909","178,114","204,814","169,307","71,586","28,057","3,725","79","567,153","567,153","40,621","57,056","69,651","74,334","91,773","102,900","85,401","34,534","10,146","728","9","536,508","536,508","38,465","52,406","52,871","62,575","86,341","101,914","83,906","37,052","17,911","2,997","70"
"울산광역시 중구 (3111000000)","208,668","208,668","13,551","19,182","21,844","24,464","31,529","38,995","35,222","16,621","6,457","790","13","105,547","105,547","6,988","10,140","12,323","13,145","16,130","19,299","17,169","7,747","2,446","159","1","103,121","103,121","6,563","9,042","9,521","11,319","15,399","19,696","18,053","8,874","4,011","631","12"
"울산광역시 남구 (3114000000)","307,232","307,232","19,890","28,168","38,462","40,437","46,788","59,088","47,028","19,465","7,073","822","11","156,729","156,729","10,230","14,759","21,567","22,110","23,443","29,147","23,339","9,308","2,653","172","1","150,503","150,503","9,660","13,409","16,895","18,327","23,345","29,941","23,689","10,157","4,420","650","10"
"울산광역시 동구 (3117000000)","152,287","152,287","11,511","16,072","15,456","18,929","26,984","24,339","24,842","10,503","3,249","387","15","79,411","79,411","5,853","8,463","8,724","10,517","14,633","12,493","12,105","5,329","1,221","70","3","72,876","72,876","5,658","7,609","6,732","8,412","12,351","11,846","12,737","5,174","2,028","317","12"
"울산광역시 북구 (3120000000)","216,477","216,477","20,365","24,718","23,481","29,927","39,323","38,893","26,417","9,080","3,706","553","14","112,115","112,115","10,450","12,714","13,738","15,942","20,195","19,313","14,025","4,398","1,237","102","1","104,362","104,362","9,915","12,004","9,743","13,985","19,128","19,580","12,392","4,682","2,469","451","13"
"울산광역시 울주군 (3171000000)","218,997","218,997","13,769","21,322","23,279","23,152","33,490","43,499","35,798","15,917","7,572","1,173","26","113,351","113,351","7,100","10,980","13,299","12,620","17,372","22,648","18,763","7,752","2,589","225","3","105,646","105,646","6,669","10,342","9,980","10,532","16,118","20,851","17,035","8,165","4,983","948","23"
"세종특별자치시  (3600000000)","386,525","386,525","43,541","50,736","37,810","59,340","77,183","54,433","37,233","16,478","8,234","1,494","43","192,524","192,524","22,122","25,585","19,199","29,268","38,244","28,501","18,533","7,793","2,972","302","5","194,001","194,001","21,419","25,151","18,611","30,072","38,939","25,932","18,700","8,685","5,262","1,192","38"
"세종특별자치시  (3611000000)","386,525","386,525","43,541","50,736","37,810","59,340","77,183","54,433","37,233","16,478","8,234","1,494","43","192,524","192,524","22,122","25,585","19,199","29,268","38,244","28,501","18,533","7,793","2,972","302","5","194,001","194,001","21,419","25,151","18,611","30,072","38,939","25,932","18,700","8,685","5,262","1,192","38"
"경기도  (4100000000)","13,630,821","13,630,821","989,550","1,320,631","1,682,138","1,878,734","2,256,931","2,335,999","1,831,793","847,103","423,029","63,061","1,852","6,855,895","6,855,895","506,358","675,747","885,110","979,572","1,150,795","1,177,701","914,132","391,368","159,419","15,304","389","6,774,926","6,774,926","483,192","644,884","797,028","899,162","1,106,136","1,158,298","917,661","455,735","263,610","47,757","1,463"
"북부출장소  (4110500000)","0","0","0","0","0","0","0","0","0","0","0","0","0","0","0","0","0","0","0","0","0","0","0","0","0","0","0","0","0","0","0","0","0","0","0","0","0","0","0"
"경기도 수원시 (4111000000)","1,197,257","1,197,257","82,636","113,383","175,839","184,342","195,012","202,330","146,108","62,753","30,244","4,483","127","602,346","602,346","42,604","58,401","91,671","97,691","98,566","100,280","72,503","28,434","11,090","1,080","26","594,911","594,911","40,032","54,982","84,168","86,651","96,446","102,050","73,605","34,319","19,154","3,403","101"
"경기도 수원시 장안구 (4111100000)","270,849","270,849","15,171","26,211","40,724","33,585","41,002","49,885","36,970","16,909","8,973","1,378","41","136,145","136,145","7,724","13,536","22,271","17,982","20,345","24,714","18,336","7,545","3,364","319","9","134,704","134,704","7,447","12,675","18,453","15,603","20,657","25,171","18,634","9,364","5,609","1,059","32"
"경기도 수원시 권선구 (4111300000)","366,167","366,167","25,476","32,358","49,920","57,315","59,602","62,539","48,626","20,039","8,919","1,345","28","184,970","184,970","13,212","16,623","25,802","30,690","30,920","30,775","24,155","9,230","3,232","327","4","181,197","181,197","12,264","15,735","24,118","26,625","28,682","31,764","24,471","10,809","5,687","1,018","24"
"경기도 수원시 팔달구 (4111500000)","197,213","197,213","11,737","14,079","30,338","32,305","28,749","32,690","26,876","13,234","6,346","831","28","99,290","99,290","6,044","7,290","15,345","17,499","14,981","16,554","13,055","5,985","2,321","210","6","97,923","97,923","5,693","6,789","14,993","14,806","13,768","16,136","13,821","7,249","4,025","621","22"
"경기도 수원시 영통구 (4111700000)","363,028","363,028","30,252","40,735","54,857","61,137","65,659","57,216","33,636","12,571","6,006","929","30","181,941","181,941","15,624","20,952","28,253","31,520","32,320","28,237","16,957","5,674","2,173","224","7","181,087","181,087","14,628","19,783","26,604","29,617","33,339","28,979","16,679","6,897","3,833","705","23"
"경기도 성남시 (4113000000)","919,747","919,747","60,026","83,353","116,584","134,145","147,372","154,797","126,893","62,339","29,497","4,602","139","455,137","455,137","30,487","42,599","59,731","68,888","73,058","77,007","62,064","28,486","11,615","1,167","35","464,610","464,610","29,539","40,754","56,853","65,257","74,314","77,790","64,829","33,853","17,882","3,435","104"
"경기도 성남시 수정구 (4113100000)","235,942","235,942","14,310","16,448","30,868","36,087","35,299","39,498","36,360","18,348","7,704","987","33","119,496","119,496","7,186","8,392","16,265","19,290","18,681","20,294","17,907","8,345","2,903","230","3","116,446","116,446","7,124","8,056","14,603","16,797","16,618","19,204","18,453","10,003","4,801","757","30"
"경기도 성남시 중원구 (4113300000)","210,848","210,848","12,044","14,868","27,048","32,100","31,091","35,761","33,744","16,299","7,015","849","29","106,515","106,515","6,048","7,669","14,036","17,346","16,367","18,060","16,604","7,498","2,701","177","9","104,333","104,333","5,996","7,199","13,012","14,754","14,724","17,701","17,140","8,801","4,314","672","20"
"경기도 성남시 분당구 (4113500000)","472,957","472,957","33,672","52,037","58,668","65,958","80,982","79,538","56,789","27,692","14,778","2,766","77","229,126","229,126","17,253","26,538","29,430","32,252","38,010","38,653","27,553","12,643","6,011","760","23","243,831","243,831","16,419","25,499","29,238","33,706","42,972","40,885","29,236","15,049","8,767","2,006","54"
"경기도 의정부시 (4115000000)","464,213","464,213","30,270","40,369","59,680","60,343","71,137","82,385","67,316","33,275","17,101","2,263","74","228,163","228,163","15,664","20,658","30,004","30,993","36,201","40,306","32,560","14,746","6,460","559","12","236,050","236,050","14,606","19,711","29,676","29,350","34,936","42,079","34,756","18,529","10,641","1,704","62"
"경기도 안양시 (4117000000)","544,660","544,660","35,412","48,471","68,147","78,448","82,828","95,037","81,458","35,598","16,541","2,664","56","268,911","268,911","18,001","25,035","35,284","40,495","41,262","45,970","39,486","16,693","6,064","613","8","275,749","275,749","17,411","23,436","32,863","37,953","41,566","49,067","41,972","18,905","10,477","2,051","48"
"경기도 안양시 만안구 (4117100000)","230,664","230,664","13,243","16,611","29,339","32,527","32,303","40,752","38,331","18,024","8,297","1,210","27","115,122","115,122","6,628","8,645","15,276","17,209","16,851","19,937","18,711","8,485","3,098","282","0","115,542","115,542","6,615","7,966","14,063","15,318","15,452","20,815","19,620","9,539","5,199","928","27"
"경기도 안양시 동안구 (4117300000)","313,996","313,996","22,169","31,860","38,808","45,921","50,525","54,285","43,127","17,574","8,244","1,454","29","153,789","153,789","11,373","16,390","20,008","23,286","24,411","26,033","20,775","8,208","2,966","331","8","160,207","160,207","10,796","15,470","18,800","22,635","26,114","28,252","22,352","9,366","5,278","1,123","21"
"경기도 부천시 (4119000000)","779,968","779,968","45,444","64,437","98,528","106,793","118,285","139,754","127,004","52,652","23,371","3,592","108","385,531","385,531","23,294","32,975","50,546","55,192","59,950","67,807","61,797","24,871","8,294","791","14","394,437","394,437","22,150","31,462","47,982","51,601","58,335","71,947","65,207","27,781","15,077","2,801","94"
"경기도 광명시 (4121000000)","280,197","280,197","18,632","28,172","33,150","36,706","46,273","48,513","40,077","18,794","8,598","1,237","45","137,512","137,512","9,484","14,390","17,107","18,821","22,679","24,012","19,093","8,592","3,056","268","10","142,685","142,685","9,148","13,782","16,043","17,885","23,594","24,501","20,984","10,202","5,542","969","35"
"경기도 평택시 (4122000000)","591,022","591,022","48,443","56,196","76,968","92,619","100,863","98,139","68,170","30,700","16,572","2,291","61","310,473","310,473","24,598","28,704","43,373","52,172","54,583","51,792","34,848","13,834","5,999","557","13","280,549","280,549","23,845","27,492","33,595","40,447","46,280","46,347","33,322","16,866","10,573","1,734","48"
"경기도 송탄출장소 (4122200000)","0","0","0","0","0","0","0","0","0","0","0","0","0","0","0","0","0","0","0","0","0","0","0","0","0","0","0","0","0","0","0","0","0","0","0","0","0","0","0"
"경기도 안중출장소 (4122400000)","0","0","0","0","0","0","0","0","0","0","0","0","0","0","0","0","0","0","0","0","0","0","0","0","0","0","0","0","0","0","0","0","0","0","0","0","0","0","0"
"경기도 동두천시 (4125000000)","88,626","88,626","4,521","7,788","9,650","8,855","12,232","16,052","14,931","8,610","5,277","693","17","44,198","44,198","2,358","3,900","5,206","4,724","6,283","8,420","7,506","3,691","1,928","180","2","44,428","44,428","2,163","3,888","4,444","4,131","5,949","7,632","7,425","4,919","3,349","513","15"
"경기도 안산시 (4127000000)","629,308","629,308","35,228","56,041","93,690","82,516","94,048","125,407","90,169","32,683","16,780","2,663","83","322,328","322,328","17,982","28,807","49,863","45,216","49,006","62,833","47,124","15,206","5,702","572","17","306,980","306,980","17,246","27,234","43,827","37,300","45,042","62,574","43,045","17,477","11,078","2,091","66"
"경기도 안산시 상록구 (4127100000)","334,867","334,867","17,826","30,111","50,843","41,705","49,602","67,794","47,802","17,889","9,718","1,521","56","170,723","170,723","9,128","15,383","27,004","22,863","25,645","33,888","24,986","8,170","3,289","356","11","164,144","164,144","8,698","14,728","23,839","18,842","23,957","33,906","22,816","9,719","6,429","1,165","45"
"경기도 안산시 단원구 (4127300000)","294,441","294,441","17,402","25,930","42,847","40,811","44,446","57,613","42,367","14,794","7,062","1,142","27","151,605","151,605","8,854","13,424","22,859","22,353","23,361","28,945","22,138","7,036","2,413","216","6","142,836","142,836","8,548","12,506","19,988","18,458","21,085","28,668","20,229","7,758","4,649","926","21"
"경기도 고양시 (4128000000)","1,074,907","1,074,907","70,336","98,947","134,406","143,591","168,583","198,739","149,416","65,239","39,350","6,149","151","524,368","524,368","35,825","50,342","68,108","71,752","82,387","96,316","74,764","28,942","14,258","1,633","41","550,539","550,539","34,511","48,605","66,298","71,839","86,196","102,423","74,652","36,297","25,092","4,516","110"
"경기도 고양시 덕양구 (4128100000)","496,438","496,438","35,940","41,413","58,770","72,872","78,922","85,915","69,326","32,390","18,179","2,651","60","244,063","244,063","18,291","21,035","29,781","36,578","39,848","42,321","34,481","14,408","6,658","645","17","252,375","252,375","17,649","20,378","28,989","36,294","39,074","43,594","34,845","17,982","11,521","2,006","43"
"경기도 고양시 일산동구 (4128500000)","291,597","291,597","17,060","27,372","38,797","37,031","45,369","56,352","40,944","16,531","10,278","1,813","50","141,346","141,346","8,725","13,970","19,379","18,326","21,666","27,039","20,627","7,433","3,667","498","16","150,251","150,251","8,335","13,402","19,418","18,705","23,703","29,313","20,317","9,098","6,611","1,315","34"
"경기도 고양시 일산서구 (4128700000)","286,872","286,872","17,336","30,162","36,839","33,688","44,292","56,472","39,146","16,318","10,893","1,685","41","138,959","138,959","8,809","15,337","18,948","16,848","20,873","26,956","19,656","7,101","3,933","490","8","147,913","147,913","8,527","14,825","17,891","16,840","23,419","29,516","19,490","9,217","6,960","1,195","33"
"경기도 과천시 (4129000000)","81,000","81,000","7,995","7,890","9,503","12,022","12,474","13,229","10,600","4,448","2,385","445","9","39,687","39,687","4,108","4,013","4,873","5,886","6,097","6,354","5,238","2,073","920","122","3","41,313","41,313","3,887","3,877","4,630","6,136","6,377","6,875","5,362","2,375","1,465","323","6"
"경기도 구리시 (4131000000)","187,093","187,093","11,817","16,744","23,177","23,913","29,694","34,526","28,040","12,506","5,899","754","23","92,559","92,559","6,058","8,671","11,768","12,191","14,939","16,798","13,977","5,706","2,243","201","7","94,534","94,534","5,759","8,073","11,409","11,722","14,755","17,728","14,063","6,800","3,656","553","16"
"경기도 남양주시 (4136000000)","732,265","732,265","54,337","79,299","81,665","85,052","128,329","127,403","98,255","50,512","24,017","3,269","127","363,190","363,190","27,914","40,687","42,285","42,494","63,627","64,631","48,239","23,129","9,385","775","24","369,075","369,075","26,423","38,612","39,380","42,558","64,702","62,772","50,016","27,383","14,632","2,494","103"
"경기도 풍양출장소 (4136200000)","0","0","0","0","0","0","0","0","0","0","0","0","0","0","0","0","0","0","0","0","0","0","0","0","0","0","0","0","0","0","0","0","0","0","0","0","0","0","0"
"경기도 오산시 (4137000000)","229,656","229,656","18,139","25,482","28,851","34,992","44,413","36,503","24,599","10,845","5,154","668","10","119,722","119,722","9,233","13,097","15,779","19,395","23,834","19,141","12,288","4,883","1,924","147","1","109,934","109,934","8,906","12,385","13,072","15,597","20,579","17,362","12,311","5,962","3,230","521","9"
"경기도 시흥시 (4139000000)","519,715","519,715","43,910","51,516","64,220","76,407","93,191","92,668","62,438","22,604","11,021","1,689","51","271,236","271,236","22,289","26,337","34,949","41,133","50,303","48,260","33,168","10,666","3,772","353","6","248,479","248,479","21,621","25,179","29,271","35,274","42,888","44,408","29,270","11,938","7,249","1,336","45"
"경기도 군포시 (4141000000)","261,229","261,229","15,408","23,938","33,421","35,657","39,333","47,043","39,626","16,489","8,776","1,492","46","129,573","129,573","7,927","12,357","17,471","18,894","19,488","22,974","19,209","7,640","3,217","385","11","131,656","131,656","7,481","11,581","15,950","16,763","19,845","24,069","20,417","8,849","5,559","1,107","35"
"경기도 의왕시 (4143000000)","158,870","158,870","11,620","13,402","19,759","22,979","22,715","27,898","24,751","10,072","4,803","844","27","78,829","78,829","6,023","6,881","10,373","11,795","11,482","13,311","12,091","4,885","1,792","192","4","80,041","80,041","5,597","6,521","9,386","11,184","11,233","14,587","12,660","5,187","3,011","652","23"
"경기도 하남시 (4145000000)","329,861","329,861","30,685","31,773","35,977","51,573","61,110","48,250","41,700","20,089","7,495","1,166","43","164,202","164,202","15,744","16,025","17,889","25,533","31,390","24,445","20,080","9,906","2,948","236","6","165,659","165,659","14,941","15,748","18,088","26,040","29,720","23,805","21,620","10,183","4,547","930","37"
"경기도 용인시 (4146000000)","1,075,566","1,075,566","81,223","120,355","132,631","133,020","190,127","183,137","123,235","70,868","35,730","5,102","138","533,387","533,387","41,477","61,540","69,357","66,991","93,478","91,912","60,368","31,526","15,262","1,446","30","542,179","542,179","39,746","58,815","63,274","66,029","96,649","91,225","62,867","39,342","20,468","3,656","108"
"경기도 용인시 처인구 (4146100000)","261,488","261,488","17,293","24,728","32,807","32,165","42,678","45,901","37,545","18,145","8,809","1,384","33","134,289","134,289","8,866","12,801","17,984","17,462","22,364","23,635","19,039","8,516","3,297","321","4","127,199","127,199","8,427","11,927","14,823","14,703","20,314","22,266","18,506","9,629","5,512","1,063","29"
"경기도 용인시 기흥구 (4146300000)","436,656","436,656","32,651","50,015","55,201","52,410","77,672","75,559","47,834","28,453","14,669","2,122","70","215,218","215,218","16,723","25,548","28,793","26,320","37,734","37,649","23,052","12,423","6,325","634","17","221,438","221,438","15,928","24,467","26,408","26,090","39,938","37,910","24,782","16,030","8,344","1,488","53"
"경기도 용인시 수지구 (4146500000)","377,422","377,422","31,279","45,612","44,623","48,445","69,777","61,677","37,856","24,270","12,252","1,596","35","183,880","183,880","15,888","23,191","22,580","23,209","33,380","30,628","18,277","10,587","5,640","491","9","193,542","193,542","15,391","22,421","22,043","25,236","36,397","31,049","19,579","13,683","6,612","1,105","26"
"경기도 파주시 (4148000000)","497,753","497,753","40,067","51,856","56,512","69,216","84,109","82,770","61,802","31,019","17,725","2,606","71","252,159","252,159","20,516","26,318","30,671","36,066","43,298","42,926","31,116","13,957","6,615","658","18","245,594","245,594","19,551","25,538","25,841","33,150","40,811","39,844","30,686","17,062","11,110","1,948","53"
"경기도 이천시 (4150000000)","222,098","222,098","15,505","21,877","28,876","30,294","34,510","36,450","31,178","14,526","7,729","1,123","30","115,622","115,622","8,015","11,262","16,521","16,675","18,041","18,964","16,040","6,921","2,876","299","8","106,476","106,476","7,490","10,615","12,355","13,619","16,469","17,486","15,138","7,605","4,853","824","22"
"경기도 안성시 (4155000000)","189,034","189,034","11,213","17,415","22,134","21,541","29,265","32,821","29,709","15,166","8,422","1,311","37","97,738","97,738","5,813","9,024","12,195","11,962","15,677","17,419","15,118","7,202","3,020","303","5","91,296","91,296","5,400","8,391","9,939","9,579","13,588","15,402","14,591","7,964","5,402","1,008","32"
"경기도 김포시 (4157000000)","486,172","486,172","45,831","53,091","49,355","66,699","94,373","72,951","58,601","29,836","13,436","1,945","54","242,801","242,801","23,523","26,948","25,404","32,744","48,303","37,274","28,866","13,984","5,279","460","16","243,371","243,371","22,308","26,143","23,951","33,955","46,070","35,677","29,735","15,852","8,157","1,485","38"
"경기도 화성시 (4159000000)","944,342","944,342","95,153","110,022","110,981","155,558","183,476","138,446","91,282","38,675","17,892","2,777","80","490,518","490,518","48,649","55,946","60,088","82,233","96,641","74,052","47,177","18,443","6,678","597","14","453,824","453,824","46,504","54,076","50,893","73,325","86,835","64,394","44,105","20,232","11,214","2,180","66"
"경기도 화성시동부출장소 (4159200000)","0","0","0","0","0","0","0","0","0","0","0","0","0","0","0","0","0","0","0","0","0","0","0","0","0","0","0","0","0","0","0","0","0","0","0","0","0","0","0"
"경기도 화성시동탄출장소 (4159400000)","0","0","0","0","0","0","0","0","0","0","0","0","0","0","0","0","0","0","0","0","0","0","0","0","0","0","0","0","0","0","0","0","0","0","0","0","0","0","0"
"경기도 광주시 (4161000000)","391,377","391,377","29,868","35,005","41,450","52,357","68,498","68,090","57,445","26,102","11,014","1,491","57","199,601","199,601","15,318","17,883","22,049","27,357","36,057","34,842","28,667","12,685","4,403","327","13","191,776","191,776","14,550","17,122","19,401","25,000","32,441","33,248","28,778","13,417","6,611","1,164","44"
"경기도 양주시 (4163000000)","268,026","268,026","21,638","26,848","29,681","34,043","43,977","45,437","36,854","18,725","9,410","1,359","54","135,376","135,376","11,013","13,648","15,761","17,589","22,551","23,539","18,569","8,766","3,612","312","16","132,650","132,650","10,625","13,200","13,920","16,454","21,426","21,898","18,285","9,959","5,798","1,047","38"
"경기도 포천시 (4165000000)","143,323","143,323","6,646","10,499","16,074","13,767","17,319","27,974","29,240","13,085","7,552","1,129","38","75,837","75,837","3,464","5,514","9,147","7,796","9,329","15,234","15,963","6,401","2,709","269","11","67,486","67,486","3,182","4,985","6,927","5,971","7,990","12,740","13,277","6,684","4,843","860","27"
"경기도 여주시 (4167000000)","114,412","114,412","6,231","9,285","11,209","11,324","15,462","20,384","21,741","11,477","6,272","994","33","58,177","58,177","3,186","4,866","6,086","6,069","7,901","10,657","11,131","5,629","2,422","226","4","56,235","56,235","3,045","4,419","5,123","5,255","7,561","9,727","10,610","5,848","3,850","768","29"
"경기도 연천군 (4180000000)","41,584","41,584","2,071","2,832","4,498","3,976","4,342","6,579","8,632","4,942","3,240","459","13","21,776","21,776","1,054","1,474","2,849","2,345","2,338","3,557","4,525","2,343","1,157","130","4","19,808","19,808","1,017","1,358","1,649","1,631","2,004","3,022","4,107","2,599","2,083","329","9"
"경기도 가평군 (4182000000)","62,302","62,302","2,763","4,349","5,700","5,437","7,459","10,845","13,605","7,427","4,091","607","19","32,137","32,137","1,409","2,213","3,292","3,006","3,971","5,778","7,043","3,634","1,616","169","6","30,165","30,165","1,354","2,136","2,408","2,431","3,488","5,067","6,562","3,793","2,475","438","13"
"경기도 양평군 (4183000000)","125,238","125,238","6,482","9,996","9,822","10,549","16,122","21,442","26,918","15,047","7,635","1,194","31","62,801","62,801","3,328","5,232","5,410","5,474","8,075","10,890","13,514","7,494","3,103","277","4","62,437","62,437","3,154","4,764","4,412","5,075","8,047","10,552","13,404","7,553","4,532","917","27"
"강원특별자치도  (5100000000)","1,527,807","1,527,807","90,872","129,053","163,610","158,594","208,819","262,513","275,323","141,876","84,135","12,622","390","768,449","768,449","46,463","66,935","91,639","84,692","106,310","135,485","138,020","65,495","30,543","2,775","92","759,358","759,358","44,409","62,118","71,971","73,902","102,509","127,028","137,303","76,381","53,592","9,847","298"
"동해출장소  (5110500000)","0","0","0","0","0","0","0","0","0","0","0","0","0","0","0","0","0","0","0","0","0","0","0","0","0","0","0","0","0","0","0","0","0","0","0","0","0","0","0"
"강원특별자치도 춘천시 (5111000000)","286,426","286,426","18,917","26,060","36,972","34,305","40,807","46,897","44,359","21,996","13,913","2,137","63","141,419","141,419","9,659","13,502","19,722","17,847","20,109","23,568","21,557","9,840","5,065","527","23","145,007","145,007","9,258","12,558","17,250","16,458","20,698","23,329","22,802","12,156","8,848","1,610","40"
"강원특별자치도 원주시 (5113000000)","361,503","361,503","25,618","34,679","42,306","45,545","55,623","62,537","54,711","23,940","14,305","2,184","55","179,115","179,115","13,104","17,793","22,492","23,354","27,502","31,111","27,149","10,983","5,122","494","11","182,388","182,388","12,514","16,886","19,814","22,191","28,121","31,426","27,562","12,957","9,183","1,690","44"
"강원특별자치도 강릉시 (5115000000)","209,439","209,439","11,413","17,380","22,654","20,358","29,591","36,506","37,188","20,886","11,534","1,869","60","103,759","103,759","5,887","9,145","12,429","10,889","14,894","18,645","17,853","9,391","4,217","400","9","105,680","105,680","5,526","8,235","10,225","9,469","14,697","17,861","19,335","11,495","7,317","1,469","51"
"강원특별자치도 동해시 (5117000000)","88,625","88,625","5,426","8,266","8,485","8,244","13,245","15,922","15,323","8,542","4,533","626","13","45,045","45,045","2,776","4,323","4,982","4,564","6,835","8,375","7,437","3,926","1,705","120","2","43,580","43,580","2,650","3,943","3,503","3,680","6,410","7,547","7,886","4,616","2,828","506","11"
"강원특별자치도 태백시 (5119000000)","38,702","38,702","1,823","3,385","3,053","2,844","5,531","6,860","7,641","4,877","2,441","239","8","19,476","19,476","958","1,757","1,767","1,534","2,904","3,690","3,833","2,116","875","40","2","19,226","19,226","865","1,628","1,286","1,310","2,627","3,170","3,808","2,761","1,566","199","6"
"강원특별자치도 속초시 (5121000000)","82,054","82,054","5,063","6,826","8,130","8,946","11,671","14,927","14,827","7,248","3,797","609","10","40,620","40,620","2,602","3,468","4,605","4,939","5,829","7,339","7,143","3,196","1,370","125","4","41,434","41,434","2,461","3,358","3,525","4,007","5,842","7,588","7,684","4,052","2,427","484","6"
"강원특별자치도 삼척시 (5123000000)","62,651","62,651","3,196","4,806","6,589","4,898","7,831","10,760","12,185","7,202","4,440","722","22","31,822","31,822","1,626","2,481","3,745","2,648","4,206","5,944","6,190","3,365","1,461","155","1","30,829","30,829","1,570","2,325","2,844","2,250","3,625","4,816","5,995","3,837","2,979","567","21"
"강원특별자치도 홍천군 (5172000000)","67,309","67,309","3,193","4,544","5,752","5,544","7,349","11,419","15,943","7,877","4,897","768","23","34,655","34,655","1,624","2,304","3,433","3,084","3,930","6,065","8,314","3,945","1,795","156","5","32,654","32,654","1,569","2,240","2,319","2,460","3,419","5,354","7,629","3,932","3,102","612","18"
"강원특별자치도 횡성군 (5173000000)","46,359","46,359","1,873","3,349","3,165","3,007","4,659","8,140","11,782","6,090","3,710","564","20","23,826","23,826","994","1,767","1,801","1,645","2,540","4,325","6,142","3,093","1,411","106","2","22,533","22,533","879","1,582","1,364","1,362","2,119","3,815","5,640","2,997","2,299","458","18"
"강원특별자치도 영월군 (5175000000)","37,332","37,332","1,420","2,576","2,799","2,368","4,034","6,788","8,875","5,008","3,034","420","10","19,318","19,318","751","1,447","1,587","1,291","2,148","3,736","4,765","2,407","1,088","95","3","18,014","18,014","669","1,129","1,212","1,077","1,886","3,052","4,110","2,601","1,946","325","7"
"강원특별자치도 평창군 (5176000000)","40,659","40,659","1,413","2,623","3,034","2,690","4,496","7,609","10,046","5,322","2,999","410","17","21,056","21,056","674","1,401","1,835","1,485","2,426","4,096","5,313","2,582","1,157","84","3","19,603","19,603","739","1,222","1,199","1,205","2,070","3,513","4,733","2,740","1,842","326","14"
"강원특별자치도 정선군 (5177000000)","34,202","34,202","1,315","2,239","2,291","2,316","4,174","6,336","8,139","4,449","2,575","350","18","17,844","17,844","653","1,144","1,349","1,304","2,361","3,606","4,353","2,065","929","74","6","16,358","16,358","662","1,095","942","1,012","1,813","2,730","3,786","2,384","1,646","276","12"
"강원특별자치도 철원군 (5178000000)","41,448","41,448","2,659","3,283","4,532","4,259","4,890","6,617","7,708","4,369","2,749","368","14","21,478","21,478","1,343","1,725","2,881","2,430","2,575","3,544","3,947","1,958","984","90","1","19,970","19,970","1,316","1,558","1,651","1,829","2,315","3,073","3,761","2,411","1,765","278","13"
"강원특별자치도 화천군 (5179000000)","23,007","23,007","1,459","1,618","2,928","2,595","2,347","3,616","4,339","2,191","1,677","223","14","12,321","12,321","764","807","1,940","1,562","1,252","1,921","2,379","1,023","605","62","6","10,686","10,686","695","811","988","1,033","1,095","1,695","1,960","1,168","1,072","161","8"
"강원특별자치도 양구군 (5180000000)","21,056","21,056","1,454","1,845","2,412","2,325","2,380","3,224","3,970","1,903","1,340","198","5","11,063","11,063","724","940","1,567","1,317","1,254","1,726","2,118","890","476","48","3","9,993","9,993","730","905","845","1,008","1,126","1,498","1,852","1,013","864","150","2"
"강원특별자치도 인제군 (5181000000)","32,020","32,020","2,289","2,287","3,888","3,898","3,906","4,846","6,119","2,770","1,735","271","11","17,422","17,422","1,171","1,158","2,670","2,296","2,121","2,632","3,286","1,383","637","63","5","14,598","14,598","1,118","1,129","1,218","1,602","1,785","2,214","2,833","1,387","1,098","208","6"
"강원특별자치도 고성군 (5182000000)","27,305","27,305","1,272","1,593","2,518","2,373","2,939","4,648","5,988","3,451","2,194","316","13","14,018","14,018","633","845","1,572","1,328","1,618","2,556","3,059","1,563","768","71","5","13,287","13,287","639","748","946","1,045","1,321","2,092","2,929","1,888","1,426","245","8"
"강원특별자치도 양양군 (5183000000)","27,710","27,710","1,069","1,694","2,102","2,079","3,346","4,861","6,180","3,755","2,262","348","14","14,192","14,192","520","928","1,262","1,175","1,806","2,606","3,182","1,769","878","65","1","13,518","13,518","549","766","840","904","1,540","2,255","2,998","1,986","1,384","283","13"
"충청북도  (4300000000)","1,593,469","1,593,469","103,333","144,446","181,676","187,761","230,702","272,450","257,982","128,433","75,249","11,181","256","810,448","810,448","52,921","74,720","100,616","102,774","119,606","140,085","130,480","60,151","26,651","2,404","40","783,021","783,021","50,412","69,726","81,060","84,987","111,096","132,365","127,502","68,282","48,598","8,777","216"
"충청북도 청주시 (4311000000)","852,189","852,189","63,606","84,520","111,820","118,033","134,187","141,304","114,522","52,168","27,833","4,109","87","430,449","430,449","32,461","43,499","60,727","63,850","68,296","70,460","56,505","24,007","9,778","856","10","421,740","421,740","31,145","41,021","51,093","54,183","65,891","70,844","58,017","28,161","18,055","3,253","77"
"충청북도 청주시 상당구 (4311100000)","200,575","200,575","15,165","20,108","23,247","24,945","30,811","34,747","29,014","13,775","7,658","1,081","24","99,657","99,657","7,611","10,389","12,480","12,943","15,378","17,173","14,414","6,347","2,704","214","4","100,918","100,918","7,554","9,719","10,767","12,002","15,433","17,574","14,600","7,428","4,954","867","20"
"충청북도 청주시 서원구 (4311200000)","186,302","186,302","10,576","17,937","26,197","21,189","26,928","33,560","28,435","13,459","6,975","1,027","19","92,775","92,775","5,471","9,249","14,131","11,408","13,385","16,470","13,837","6,080","2,516","227","1","93,527","93,527","5,105","8,688","12,066","9,781","13,543","17,090","14,598","7,379","4,459","800","18"
"충청북도 청주시 흥덕구 (4311300000)","274,594","274,594","22,190","26,684","38,259","43,860","44,109","44,389","33,390","13,791","6,827","1,071","24","139,804","139,804","11,336","13,703","20,664","23,889","22,458","22,159","16,522","6,467","2,382","219","5","134,790","134,790","10,854","12,981","17,595","19,971","21,651","22,230","16,868","7,324","4,445","852","19"
"충청북도 청주시 청원구 (4311400000)","190,718","190,718","15,675","19,791","24,117","28,039","32,339","28,608","23,683","11,143","6,373","930","20","98,213","98,213","8,043","10,158","13,452","15,610","17,075","14,658","11,732","5,113","2,176","196","0","92,505","92,505","7,632","9,633","10,665","12,429","15,264","13,950","11,951","6,030","4,197","734","20"
"충청북도 충주시 (4313000000)","207,778","207,778","12,215","17,874","21,773","22,423","29,047","36,566","36,466","18,432","11,272","1,667","43","105,420","105,420","6,195","9,278","12,415","12,567","14,968","18,712","18,428","8,411","4,058","379","9","102,358","102,358","6,020","8,596","9,358","9,856","14,079","17,854","18,038","10,021","7,214","1,288","34"
"충청북도 제천시 (4315000000)","130,194","130,194","7,044","11,184","14,011","11,587","16,373","23,038","25,119","13,326","7,515","969","28","65,456","65,456","3,643","5,734","7,772","6,289","8,398","11,855","12,516","6,278","2,762","204","5","64,738","64,738","3,401","5,450","6,239","5,298","7,975","11,183","12,603","7,048","4,753","765","23"
"충청북도 보은군 (4372000000)","31,010","31,010","1,109","1,875","1,951","1,838","2,862","5,276","7,650","4,499","3,327","615","8","15,671","15,671","575","1,004","1,150","1,014","1,586","2,903","4,009","2,168","1,129","131","2","15,339","15,339","534","871","801","824","1,276","2,373","3,641","2,331","2,198","484","6"
"충청북도 옥천군 (4373000000)","48,891","48,891","1,945","3,594","3,761","3,219","5,569","8,547","10,846","6,534","4,151","704","21","24,718","24,718","1,022","1,890","2,170","1,696","2,936","4,557","5,657","3,179","1,432","176","3","24,173","24,173","923","1,704","1,591","1,523","2,633","3,990","5,189","3,355","2,719","528","18"
"충청북도 영동군 (4374000000)","44,195","44,195","1,624","2,920","3,306","2,640","4,374","7,841","10,237","6,337","4,298","602","16","22,146","22,146","832","1,515","1,864","1,451","2,348","4,250","5,285","2,932","1,531","138","0","22,049","22,049","792","1,405","1,442","1,189","2,026","3,591","4,952","3,405","2,767","464","16"
"충청북도 증평군 (4374500000)","37,484","37,484","2,633","3,381","4,251","4,545","5,506","6,309","5,879","3,004","1,735","237","4","19,523","19,523","1,355","1,791","2,452","2,565","3,006","3,303","2,980","1,420","604","46","1","17,961","17,961","1,278","1,590","1,799","1,980","2,500","3,006","2,899","1,584","1,131","191","3"
"충청북도 진천군 (4375000000)","86,254","86,254","6,555","8,456","8,641","10,900","14,292","14,458","12,531","5,964","3,858","592","7","45,652","45,652","3,434","4,389","5,040","6,139","7,802","7,974","6,578","2,847","1,321","126","2","40,602","40,602","3,121","4,067","3,601","4,761","6,490","6,484","5,953","3,117","2,537","466","5"
"충청북도 괴산군 (4376000000)","36,590","36,590","1,124","1,795","2,156","2,054","3,325","6,580","9,859","5,512","3,609","567","9","18,872","18,872","581","918","1,279","1,175","1,876","3,625","5,298","2,734","1,273","113","0","17,718","17,718","543","877","877","879","1,449","2,955","4,561","2,778","2,336","454","9"
"충청북도 음성군 (4377000000)","91,183","91,183","4,549","7,136","8,217","8,822","12,483","17,418","17,737","8,705","5,289","803","24","48,454","48,454","2,346","3,769","4,698","5,103","6,951","9,690","9,496","4,316","1,915","163","7","42,729","42,729","2,203","3,367","3,519","3,719","5,532","7,728","8,241","4,389","3,374","640","17"
"충청북도 단양군 (4380000000)","27,701","27,701","929","1,711","1,789","1,700","2,684","5,113","7,136","3,952","2,362","316","9","14,087","14,087","477","933","1,049","925","1,439","2,756","3,728","1,859","848","72","1","13,614","13,614","452","778","740","775","1,245","2,357","3,408","2,093","1,514","244","8"
"충청남도  (4400000000)","2,130,119","2,130,119","143,771","202,057","225,658","251,099","323,996","350,093","325,082","178,624","110,575","18,670","494","1,091,570","1,091,570","73,713","104,493","125,506","136,399","172,380","185,944","165,155","84,068","39,366","4,478","68","1,038,549","1,038,549","70,058","97,564","100,152","114,700","151,616","164,149","159,927","94,556","71,209","14,192","426"
"충청남도 천안시 (4413000000)","655,959","655,959","49,866","67,542","89,668","96,930","111,427","108,174","78,573","33,572","17,435","2,692","80","336,169","336,169","25,607","34,800","47,890","52,017","58,159","55,319","39,889","15,703","6,176","599","10","319,790","319,790","24,259","32,742","41,778","44,913","53,268","52,855","38,684","17,869","11,259","2,093","70"
"충청남도 천안시 동남구 (4413100000)","256,691","256,691","16,198","25,365","33,420","30,916","40,809","44,828","37,385","17,221","9,067","1,438","44","130,122","130,122","8,286","13,112","17,718","16,588","21,003","22,861","18,806","8,144","3,264","334","6","126,569","126,569","7,912","12,253","15,702","14,328","19,806","21,967","18,579","9,077","5,803","1,104","38"
"충청남도 천안시 서북구 (4413300000)","399,268","399,268","33,668","42,177","56,248","66,014","70,618","63,346","41,188","16,351","8,368","1,254","36","206,047","206,047","17,321","21,688","30,172","35,429","37,156","32,458","21,083","7,559","2,912","265","4","193,221","193,221","16,347","20,489","26,076","30,585","33,462","30,888","20,105","8,792","5,456","989","32"
"충청남도 공주시 (4415000000)","102,104","102,104","4,444","7,880","10,921","8,314","11,937","17,149","20,650","11,779","7,605","1,386","39","50,924","50,924","2,288","4,119","5,754","4,540","6,275","8,843","10,402","5,625","2,715","356","7","51,180","51,180","2,156","3,761","5,167","3,774","5,662","8,306","10,248","6,154","4,890","1,030","32"
"충청남도 보령시 (4418000000)","95,772","95,772","4,822","7,615","7,974","8,068","12,455","16,428","18,746","11,551","6,948","1,135","30","48,494","48,494","2,420","3,966","4,545","4,496","6,786","8,823","9,392","5,277","2,504","280","5","47,278","47,278","2,402","3,649","3,429","3,572","5,669","7,605","9,354","6,274","4,444","855","25"
"충청남도 아산시 (4420000000)","345,796","345,796","30,810","38,366","38,027","50,783","62,699","53,020","39,436","19,766","11,101","1,743","45","180,223","180,223","15,910","19,686","21,269","27,109","33,817","28,747","20,193","9,057","4,040","388","7","165,573","165,573","14,900","18,680","16,758","23,674","28,882","24,273","19,243","10,709","7,061","1,355","38"
"충청남도 서산시 (4421000000)","176,011","176,011","12,756","17,021","17,500","20,495","26,985","29,821","26,085","14,523","9,119","1,663","43","92,112","92,112","6,518","8,868","10,670","11,690","14,332","16,030","13,264","7,039","3,323","375","3","83,899","83,899","6,238","8,153","6,830","8,805","12,653","13,791","12,821","7,484","5,796","1,288","40"
"충청남도 논산시 (4423000000)","110,423","110,423","5,609","8,866","9,673","9,286","13,454","18,684","21,728","12,981","8,602","1,505","35","55,187","55,187","2,880","4,584","5,414","4,997","7,126","9,819","11,075","6,005","2,927","354","6","55,236","55,236","2,729","4,282","4,259","4,289","6,328","8,865","10,653","6,976","5,675","1,151","29"
"충청남도 계룡시 (4425000000)","46,667","46,667","3,768","6,278","4,907","5,418","8,493","8,055","5,737","2,535","1,253","215","8","23,294","23,294","1,906","3,285","2,751","2,798","4,118","4,038","2,722","1,223","410","41","2","23,373","23,373","1,862","2,993","2,156","2,620","4,375","4,017","3,015","1,312","843","174","6"
"충청남도 당진시 (4427000000)","170,302","170,302","12,987","16,497","14,828","20,560","28,001","28,202","25,079","13,800","8,903","1,404","41","90,987","90,987","6,635","8,563","8,806","11,795","15,734","16,008","13,159","6,676","3,254","355","2","79,315","79,315","6,352","7,934","6,022","8,765","12,267","12,194","11,920","7,124","5,649","1,049","39"
"충청남도 금산군 (4471000000)","50,093","50,093","1,900","4,043","3,392","3,136","5,480","8,817","11,076","6,863","4,657","707","22","25,355","25,355","931","2,136","1,952","1,667","2,987","4,851","5,823","3,248","1,577","180","3","24,738","24,738","969","1,907","1,440","1,469","2,493","3,966","5,253","3,615","3,080","527","19"
"충청남도 부여군 (4476000000)","61,046","61,046","2,155","4,072","4,313","3,648","6,110","9,763","13,854","9,238","6,625","1,238","30","30,417","30,417","1,135","2,169","2,500","1,970","3,353","5,233","7,011","4,352","2,370","321","3","30,629","30,629","1,020","1,903","1,813","1,678","2,757","4,530","6,843","4,886","4,255","917","27"
"충청남도 서천군 (4477000000)","49,116","49,116","1,784","3,085","3,148","2,953","4,909","7,830","10,889","7,856","5,563","1,077","22","24,257","24,257","896","1,571","1,828","1,640","2,665","4,253","5,522","3,664","1,963","252","3","24,859","24,859","888","1,514","1,320","1,313","2,244","3,577","5,367","4,192","3,600","825","19"
"충청남도 청양군 (4479000000)","30,168","30,168","970","1,924","2,471","1,841","2,720","4,905","6,865","4,419","3,416","629","8","15,427","15,427","497","1,023","1,460","1,023","1,569","2,778","3,557","2,145","1,190","182","3","14,741","14,741","473","901","1,011","818","1,151","2,127","3,308","2,274","2,226","447","5"
"충청남도 홍성군 (4480000000)","97,524","97,524","6,268","9,320","8,620","9,340","13,492","15,642","16,547","10,168","6,935","1,154","38","48,677","48,677","3,239","4,774","4,755","4,960","6,882","8,354","8,280","4,732","2,408","289","4","48,847","48,847","3,029","4,546","3,865","4,380","6,610","7,288","8,267","5,436","4,527","865","34"
"충청남도 예산군 (4481000000)","78,354","78,354","3,307","5,510","5,961","6,233","8,879","13,156","16,389","10,509","7,199","1,178","33","39,285","39,285","1,680","2,874","3,350","3,408","4,738","7,158","8,238","4,912","2,630","293","4","39,069","39,069","1,627","2,636","2,611","2,825","4,141","5,998","8,151","5,597","4,569","885","29"
"충청남도 태안군 (4482500000)","60,784","60,784","2,325","4,038","4,255","4,094","6,955","10,447","13,428","9,064","5,214","944","20","30,762","30,762","1,171","2,075","2,562","2,289","3,839","5,690","6,628","4,410","1,879","213","6","30,022","30,022","1,154","1,963","1,693","1,805","3,116","4,757","6,800","4,654","3,335","731","14"
"전라북도  (4500000000)","1,754,757","1,754,757","102,482","164,304","190,813","172,999","245,114","300,818","284,897","171,805","104,131","16,920","474","873,419","873,419","52,352","84,960","103,468","90,056","125,613","156,268","142,143","78,851","35,933","3,714","61","881,338","881,338","50,130","79,344","87,345","82,943","119,501","144,550","142,754","92,954","68,198","13,206","413"
"전라북도 전주시 (4511000000)","642,727","642,727","43,992","67,931","85,269","76,788","99,645","108,843","86,065","46,991","23,617","3,502","84","315,709","315,709","22,493","34,988","44,688","39,451","48,907","53,538","40,855","21,087","8,843","848","11","327,018","327,018","21,499","32,943","40,581","37,337","50,738","55,305","45,210","25,904","14,774","2,654","73"
"전라북도 전주시 완산구 (4511100000)","327,178","327,178","19,679","32,693","44,382","37,398","47,979","57,655","47,086","25,646","12,648","1,962","50","158,979","158,979","10,136","16,955","22,988","19,238","23,167","27,756","22,085","11,538","4,644","467","5","168,199","168,199","9,543","15,738","21,394","18,160","24,812","29,899","25,001","14,108","8,004","1,495","45"
"전라북도 전주시 덕진구 (4511300000)","315,549","315,549","24,313","35,238","40,887","39,390","51,666","51,188","38,979","21,345","10,969","1,540","34","156,730","156,730","12,357","18,033","21,700","20,213","25,740","25,782","18,770","9,549","4,199","381","6","158,819","158,819","11,956","17,205","19,187","19,177","25,926","25,406","20,209","11,796","6,770","1,159","28"
"전라북도 군산시 (4513000000)","259,980","259,980","16,455","25,605","26,581","26,275","40,779","45,066","41,269","24,089","11,854","1,956","51","131,719","131,719","8,342","13,199","14,795","13,884","21,242","23,886","20,524","11,185","4,232","420","10","128,261","128,261","8,113","12,406","11,786","12,391","19,537","21,180","20,745","12,904","7,622","1,536","41"
"전라북도 익산시 (4514000000)","270,036","270,036","14,667","25,586","31,983","25,909","37,184","48,019","44,935","25,289","14,065","2,350","49","134,381","134,381","7,432","13,143","17,418","13,633","19,026","24,362","22,335","11,684","4,843","501","4","135,655","135,655","7,235","12,443","14,565","12,276","18,158","23,657","22,600","13,605","9,222","1,849","45"
"전라북도 정읍시 (4518000000)","103,620","103,620","4,975","8,616","9,275","7,822","12,900","18,132","18,761","12,570","8,965","1,557","47","51,624","51,624","2,553","4,532","5,202","4,150","6,762","9,776","9,625","5,672","3,026","319","7","51,996","51,996","2,422","4,084","4,073","3,672","6,138","8,356","9,136","6,898","5,939","1,238","40"
"전라북도 남원시 (4519000000)","76,781","76,781","3,837","6,591","6,347","5,597","9,090","13,565","14,160","9,580","6,869","1,106","39","37,674","37,674","2,009","3,428","3,553","2,886","4,570","7,219","7,170","4,368","2,232","230","9","39,107","39,107","1,828","3,163","2,794","2,711","4,520","6,346","6,990","5,212","4,637","876","30"
"전라북도 김제시 (4521000000)","81,430","81,430","3,610","5,810","6,941","6,276","9,157","13,334","16,006","10,906","7,832","1,512","46","40,631","40,631","1,851","3,008","3,921","3,292","5,063","7,446","8,201","4,956","2,564","321","8","40,799","40,799","1,759","2,802","3,020","2,984","4,094","5,888","7,805","5,950","5,268","1,191","38"
"전라북도 완주군 (4571000000)","97,827","97,827","6,197","8,651","9,158","10,461","13,648","16,470","16,739","9,519","5,962","994","28","50,192","50,192","3,109","4,484","5,107","5,464","7,321","9,022","8,786","4,659","2,030","207","3","47,635","47,635","3,088","4,167","4,051","4,997","6,327","7,448","7,953","4,860","3,932","787","25"
"전라북도 진안군 (4572000000)","24,465","24,465","926","1,559","1,622","1,396","2,223","4,269","5,588","3,711","2,701","455","15","12,497","12,497","471","819","936","681","1,272","2,426","3,047","1,821","933","90","1","11,968","11,968","455","740","686","715","951","1,843","2,541","1,890","1,768","365","14"
"전라북도 무주군 (4573000000)","23,251","23,251","852","1,708","1,528","1,454","2,485","4,024","5,030","3,172","2,581","400","17","11,629","11,629","453","862","855","783","1,361","2,260","2,668","1,421","873","91","2","11,622","11,622","399","846","673","671","1,124","1,764","2,362","1,751","1,708","309","15"
"전라북도 장수군 (4574000000)","20,983","20,983","818","1,554","1,362","1,203","2,148","3,573","4,456","3,144","2,355","359","11","10,535","10,535","421","806","792","621","1,212","1,997","2,333","1,509","744","99","1","10,448","10,448","397","748","570","582","936","1,576","2,123","1,635","1,611","260","10"
"전라북도 임실군 (4575000000)","25,956","25,956","1,100","1,453","1,712","1,667","2,317","4,296","5,603","4,007","3,248","538","15","13,354","13,354","578","761","1,014","890","1,388","2,482","3,120","1,914","1,070","135","2","12,602","12,602","522","692","698","777","929","1,814","2,483","2,093","2,178","403","13"
"전라북도 순창군 (4577000000)","26,764","26,764","1,094","2,076","1,998","1,611","2,911","4,427","5,359","3,746","3,086","438","18","13,161","13,161","552","1,076","1,119","811","1,579","2,464","2,839","1,667","943","110","1","13,603","13,603","542","1,000","879","800","1,332","1,963","2,520","2,079","2,143","328","17"
"전라북도 고창군 (4579000000)","51,750","51,750","2,047","3,841","3,493","3,295","5,264","8,566","10,587","7,726","5,926","965","40","25,817","25,817","1,089","2,128","2,030","1,750","2,951","4,823","5,400","3,539","1,921","184","2","25,933","25,933","958","1,713","1,463","1,545","2,313","3,743","5,187","4,187","4,005","781","38"
"전라북도 부안군 (4580000000)","49,187","49,187","1,912","3,323","3,544","3,245","5,363","8,234","10,339","7,355","5,070","788","14","24,496","24,496","999","1,726","2,038","1,760","2,959","4,567","5,240","3,369","1,679","159","0","24,691","24,691","913","1,597","1,506","1,485","2,404","3,667","5,099","3,986","3,391","629","14"
"전라남도  (4600000000)","1,804,217","1,804,217","107,726","158,933","178,152","169,502","240,813","310,282","305,457","189,922","123,690","19,148","592","909,548","909,548","55,007","81,807","99,758","89,471","127,824","167,170","156,840","87,378","40,423","3,801","69","894,669","894,669","52,719","77,126","78,394","80,031","112,989","143,112","148,617","102,544","83,267","15,347","523"
"전라남도 목포시 (4611000000)","214,156","214,156","13,517","23,295","24,374","21,564","34,520","36,966","31,554","18,536","8,672","1,121","37","106,416","106,416","6,953","11,907","13,291","11,027","17,771","18,953","14,916","8,264","3,084","245","5","107,740","107,740","6,564","11,388","11,083","10,537","16,749","18,013","16,638","10,272","5,588","876","32"
"전라남도 여수시 (4613000000)","271,696","271,696","17,081","24,643","29,965","28,128","38,658","47,483","44,924","26,101","12,770","1,881","62","138,354","138,354","8,705","12,622","16,977","15,312","20,240","25,044","22,348","12,232","4,501","366","7","133,342","133,342","8,376","12,021","12,988","12,816","18,418","22,439","22,576","13,869","8,269","1,515","55"
"전라남도 순천시 (4615000000)","278,137","278,137","20,198","28,668","33,557","32,076","40,476","49,124","40,507","19,932","11,671","1,879","49","138,814","138,814","10,352","14,799","18,361","16,656","20,007","24,551","20,413","9,352","3,937","382","4","139,323","139,323","9,846","13,869","15,196","15,420","20,469","24,573","20,094","10,580","7,734","1,497","45"
"전라남도 나주시 (4617000000)","117,377","117,377","8,994","10,111","11,390","14,165","17,039","17,538","18,239","11,190","7,475","1,198","38","59,261","59,261","4,619","5,208","5,998","7,302","9,199","9,644","9,503","5,141","2,392","248","7","58,116","58,116","4,375","4,903","5,392","6,863","7,840","7,894","8,736","6,049","5,083","950","31"
"전라남도 광양시 (4623000000)","152,666","152,666","11,427","15,663","17,976","18,305","22,862","30,143","21,190","9,025","5,146","898","31","79,892","79,892","5,802","8,027","10,444","9,965","12,059","16,084","11,285","4,373","1,703","149","1","72,774","72,774","5,625","7,636","7,532","8,340","10,803","14,059","9,905","4,652","3,443","749","30"
"전라남도 담양군 (4671000000)","45,373","45,373","1,973","2,912","3,831","3,355","4,763","7,977","9,429","6,032","4,403","664","34","22,961","22,961","977","1,501","2,221","1,729","2,641","4,408","5,040","2,848","1,446","147","3","22,412","22,412","996","1,411","1,610","1,626","2,122","3,569","4,389","3,184","2,957","517","31"
"전라남도 곡성군 (4672000000)","26,905","26,905","786","1,644","2,029","1,539","2,588","4,630","5,709","3,942","3,399","624","15","13,375","13,375","392","907","1,134","819","1,418","2,585","3,093","1,822","1,071","133","1","13,530","13,530","394","737","895","720","1,170","2,045","2,616","2,120","2,328","491","14"
"전라남도 구례군 (4673000000)","24,314","24,314","832","1,608","1,600","1,339","2,388","4,411","5,214","3,592","2,875","447","8","11,890","11,890","404","834","915","663","1,279","2,438","2,722","1,640","904","90","1","12,424","12,424","428","774","685","676","1,109","1,973","2,492","1,952","1,971","357","7"
"전라남도 고흥군 (4677000000)","61,113","61,113","2,052","3,391","3,491","3,162","5,444","9,517","13,458","10,909","8,123","1,513","53","29,893","29,893","1,015","1,800","2,027","1,706","3,077","5,473","6,935","4,913","2,634","307","6","31,220","31,220","1,037","1,591","1,464","1,456","2,367","4,044","6,523","5,996","5,489","1,206","47"
"전라남도 보성군 (4678000000)","37,686","37,686","1,253","2,289","2,356","2,051","3,436","6,118","8,068","6,116","5,073","896","30","18,465","18,465","652","1,171","1,345","1,134","1,906","3,510","4,207","2,775","1,576","185","4","19,221","19,221","601","1,118","1,011","917","1,530","2,608","3,861","3,341","3,497","711","26"
"전라남도 화순군 (4679000000)","61,254","61,254","2,728","5,099","6,180","4,530","7,074","11,231","11,136","7,073","5,404","781","18","30,322","30,322","1,415","2,664","3,284","2,336","3,620","6,026","5,965","3,151","1,697","163","1","30,932","30,932","1,313","2,435","2,896","2,194","3,454","5,205","5,171","3,922","3,707","618","17"
"전라남도 장흥군 (4680000000)","35,046","35,046","1,481","2,439","2,492","2,270","3,535","5,881","7,044","5,065","4,102","719","18","17,121","17,121","736","1,275","1,424","1,192","1,981","3,236","3,570","2,290","1,279","133","5","17,925","17,925","745","1,164","1,068","1,078","1,554","2,645","3,474","2,775","2,823","586","13"
"전라남도 강진군 (4681000000)","32,722","32,722","1,380","2,256","2,360","2,133","3,236","5,265","6,750","4,907","3,771","652","12","15,949","15,949","680","1,176","1,339","1,110","1,736","2,905","3,460","2,210","1,216","115","2","16,773","16,773","700","1,080","1,021","1,023","1,500","2,360","3,290","2,697","2,555","537","10"
"전라남도 해남군 (4682000000)","64,575","64,575","2,940","4,712","4,767","4,088","6,934","10,909","13,133","9,431","6,663","970","28","32,249","32,249","1,520","2,391","2,766","2,211","3,788","6,166","6,788","4,285","2,158","175","1","32,326","32,326","1,420","2,321","2,001","1,877","3,146","4,743","6,345","5,146","4,505","795","27"
"전라남도 영암군 (4683000000)","52,350","52,350","2,597","4,090","4,726","3,976","6,978","9,506","9,425","6,029","4,323","680","20","27,372","27,372","1,349","2,120","2,829","2,121","4,135","5,513","5,069","2,733","1,349","151","3","24,978","24,978","1,248","1,970","1,897","1,855","2,843","3,993","4,356","3,296","2,974","529","17"
"전라남도 무안군 (4684000000)","90,296","90,296","7,105","10,066","9,201","10,118","14,446","13,625","12,362","7,893","4,769","690","21","45,431","45,431","3,674","5,089","4,966","5,094","7,521","7,429","6,326","3,707","1,501","124","0","44,865","44,865","3,431","4,977","4,235","5,024","6,925","6,196","6,036","4,186","3,268","566","21"
"전라남도 함평군 (4686000000)","30,601","30,601","984","1,853","2,096","1,786","2,954","5,229","6,532","4,703","3,835","610","19","15,505","15,505","496","995","1,222","968","1,732","3,113","3,543","2,092","1,219","124","1","15,096","15,096","488","858","874","818","1,222","2,116","2,989","2,611","2,616","486","18"
"전라남도 영광군 (4687000000)","51,750","51,750","3,402","3,912","4,452","4,505","6,064","8,338","9,147","6,692","4,636","574","28","25,874","25,874","1,690","2,019","2,498","2,303","3,371","4,663","4,778","2,956","1,477","114","5","25,876","25,876","1,712","1,893","1,954","2,202","2,693","3,675","4,369","3,736","3,159","460","23"
"전라남도 장성군 (4688000000)","42,543","42,543","1,980","3,002","3,611","3,145","4,808","7,387","8,222","5,622","4,171","574","21","21,892","21,892","1,008","1,540","2,162","1,727","2,656","4,227","4,450","2,639","1,342","136","5","20,651","20,651","972","1,462","1,449","1,418","2,152","3,160","3,772","2,983","2,829","438","16"
"전라남도 완도군 (4689000000)","46,641","46,641","2,417","3,352","3,128","3,087","5,542","7,460","9,181","6,870","4,868","718","18","23,545","23,545","1,268","1,752","1,833","1,677","3,211","4,270","4,648","3,143","1,602","140","1","23,096","23,096","1,149","1,600","1,295","1,410","2,331","3,190","4,533","3,727","3,266","578","17"
"전라남도 진도군 (4690000000)","28,979","28,979","1,295","1,993","2,184","1,893","3,127","4,799","5,716","4,272","3,229","457","14","14,453","14,453","617","1,022","1,272","1,008","1,827","2,765","2,962","1,950","957","71","2","14,526","14,526","678","971","912","885","1,300","2,034","2,754","2,322","2,272","386","12"
"전라남도 신안군 (4691000000)","38,037","38,037","1,304","1,935","2,386","2,287","3,941","6,745","8,517","5,990","4,312","602","18","20,514","20,514","683","988","1,450","1,411","2,649","4,167","4,819","2,862","1,378","103","4","17,523","17,523","621","947","936","876","1,292","2,578","3,698","3,128","2,934","499","14"
"경상북도  (4700000000)","2,554,324","2,554,324","151,926","217,311","248,255","259,154","357,366","444,707","449,427","252,946","150,000","22,667","565","1,290,298","1,290,298","78,092","113,675","142,133","140,706","186,024","230,473","226,589","117,089","50,686","4,777","54","1,264,026","1,264,026","73,834","103,636","106,122","118,448","171,342","214,234","222,838","135,857","99,314","17,890","511"
"경상북도 포항시 (4711000000)","493,033","493,033","32,160","45,811","50,035","53,799","73,901","86,723","86,270","43,074","18,642","2,555","63","250,242","250,242","16,702","23,944","29,184","29,339","37,712","43,485","42,119","20,671","6,586","494","6","242,791","242,791","15,458","21,867","20,851","24,460","36,189","43,238","44,151","22,403","12,056","2,061","57"
"경상북도 포항시 남구 (4711100000)","226,278","226,278","13,990","20,787","23,786","24,339","34,280","39,930","39,512","20,208","8,368","1,054","24","117,509","117,509","7,273","10,890","14,479","13,580","17,981","20,803","19,538","9,739","3,041","184","1","108,769","108,769","6,717","9,897","9,307","10,759","16,299","19,127","19,974","10,469","5,327","870","23"
"경상북도 포항시 북구 (4711300000)","266,755","266,755","18,170","25,024","26,249","29,460","39,621","46,793","46,758","22,866","10,274","1,501","39","132,733","132,733","9,429","13,054","14,705","15,759","19,731","22,682","22,581","10,932","3,545","310","5","134,022","134,022","8,741","11,970","11,544","13,701","19,890","24,111","24,177","11,934","6,729","1,191","34"
"경상북도 경주시 (4713000000)","247,489","247,489","13,413","19,526","22,860","23,061","33,201","46,090","46,057","26,218","14,827","2,186","50","123,906","123,906","6,882","10,151","12,878","12,410","17,397","23,702","23,156","11,957","4,905","461","7","123,583","123,583","6,531","9,375","9,982","10,651","15,804","22,388","22,901","14,261","9,922","1,725","43"
"경상북도 김천시 (4715000000)","137,515","137,515","8,635","12,176","12,473","13,607","18,464","22,980","24,452","14,342","8,902","1,441","43","69,082","69,082","4,464","6,586","7,034","7,249","9,654","11,946","12,306","6,583","2,930","325","5","68,433","68,433","4,171","5,590","5,439","6,358","8,810","11,034","12,146","7,759","5,972","1,116","38"
"경상북도 안동시 (4717000000)","152,935","152,935","8,460","12,906","14,966","13,941","20,258","25,529","27,189","17,124","10,850","1,677","35","75,538","75,538","4,372","6,802","8,059","7,405","10,299","13,291","13,444","7,720","3,787","355","4","77,397","77,397","4,088","6,104","6,907","6,536","9,959","12,238","13,745","9,404","7,063","1,322","31"
"경상북도 구미시 (4719000000)","405,506","405,506","32,574","43,706","49,373","58,854","71,465","71,204","49,085","18,473","9,337","1,394","41","209,131","209,131","16,682","22,719","28,537","31,770","36,364","35,901","25,319","8,561","3,002","274","2","196,375","196,375","15,892","20,987","20,836","27,084","35,101","35,303","23,766","9,912","6,335","1,120","39"
"경상북도 영주시 (4721000000)","100,199","100,199","4,901","8,784","8,941","7,577","12,347","17,184","19,221","12,323","7,708","1,181","32","49,730","49,730","2,544","4,652","5,116","4,179","6,304","8,918","9,395","5,600","2,756","260","6","50,469","50,469","2,357","4,132","3,825","3,398","6,043","8,266","9,826","6,723","4,952","921","26"
"경상북도 영천시 (4723000000)","100,212","100,212","4,975","6,291","8,239","8,640","11,548","17,716","20,593","13,196","7,900","1,099","15","51,137","51,137","2,538","3,303","4,939","4,723","6,398","9,544","10,631","6,185","2,631","244","1","49,075","49,075","2,437","2,988","3,300","3,917","5,150","8,172","9,962","7,011","5,269","855","14"
"경상북도 상주시 (4725000000)","93,858","93,858","4,282","7,215","6,898","6,501","10,345","15,483","19,811","12,614","9,114","1,549","46","46,166","46,166","2,218","3,780","4,013","3,498","5,456","8,204","10,018","5,725","2,949","304","1","47,692","47,692","2,064","3,435","2,885","3,003","4,889","7,279","9,793","6,889","6,165","1,245","45"
"경상북도 문경시 (4728000000)","68,755","68,755","3,241","5,160","5,438","4,958","7,841","11,285","14,359","9,325","6,192","923","33","33,775","33,775","1,667","2,798","3,055","2,625","4,135","5,910","7,175","4,181","2,028","197","4","34,980","34,980","1,574","2,362","2,383","2,333","3,706","5,375","7,184","5,144","4,164","726","29"
"경상북도 경산시 (4729000000)","266,205","266,205","16,781","22,718","35,159","30,931","39,488","46,646","40,118","21,707","11,187","1,436","34","133,847","133,847","8,543","11,619","19,330","16,940","20,261","23,281","19,806","9,785","3,955","326","1","132,358","132,358","8,238","11,099","15,829","13,991","19,227","23,365","20,312","11,922","7,232","1,110","33"
"경상북도 의성군 (4773000000)","50,086","50,086","1,635","2,108","2,513","2,865","4,163","7,817","12,512","8,730","6,690","1,025","28","24,808","24,808","848","1,117","1,457","1,603","2,428","4,374","6,471","4,028","2,255","225","2","25,278","25,278","787","991","1,056","1,262","1,735","3,443","6,041","4,702","4,435","800","26"
"경상북도 청송군 (4775000000)","24,019","24,019","822","1,056","1,365","1,503","2,078","4,068","5,917","3,987","2,822","396","5","12,063","12,063","426","546","826","923","1,159","2,227","3,026","1,858","977","94","1","11,956","11,956","396","510","539","580","919","1,841","2,891","2,129","1,845","302","4"
"경상북도 영양군 (4776000000)","15,661","15,661","528","871","866","882","1,410","2,668","3,714","2,471","1,955","283","13","7,805","7,805","266","449","495","489","813","1,551","1,904","1,127","658","51","2","7,856","7,856","262","422","371","393","597","1,117","1,810","1,344","1,297","232","11"
"경상북도 영덕군 (4777000000)","34,055","34,055","1,215","1,860","1,959","1,963","3,262","5,711","7,561","5,557","4,323","629","15","16,232","16,232","596","962","1,144","1,036","1,735","3,127","3,741","2,391","1,362","138","0","17,823","17,823","619","898","815","927","1,527","2,584","3,820","3,166","2,961","491","15"
"경상북도 청도군 (4782000000)","41,316","41,316","1,237","2,125","2,229","2,297","3,928","6,850","10,203","7,036","4,582","812","17","20,493","20,493","637","1,086","1,278","1,258","2,195","3,652","5,296","3,366","1,563","161","1","20,823","20,823","600","1,039","951","1,039","1,733","3,198","4,907","3,670","3,019","651","16"
"경상북도 고령군 (4783000000)","30,139","30,139","1,068","1,770","2,066","1,842","3,242","5,534","6,959","4,363","2,858","429","8","15,477","15,477","543","950","1,203","1,012","1,781","3,133","3,731","2,083","945","96","0","14,662","14,662","525","820","863","830","1,461","2,401","3,228","2,280","1,913","333","8"
"경상북도 성주군 (4784000000)","42,086","42,086","1,509","2,125","2,608","2,952","4,181","7,562","10,446","6,378","3,684","627","14","22,000","22,000","764","1,130","1,596","1,681","2,458","4,238","5,636","3,094","1,264","135","4","20,086","20,086","745","995","1,012","1,271","1,723","3,324","4,810","3,284","2,420","492","10"
"경상북도 칠곡군 (4785000000)","110,581","110,581","6,851","10,934","10,205","11,844","19,634","20,918","16,359","8,065","4,972","773","26","57,966","57,966","3,502","5,757","6,036","6,500","10,562","11,358","8,668","3,786","1,621","175","1","52,615","52,615","3,349","5,177","4,169","5,344","9,072","9,560","7,691","4,279","3,351","598","25"
"경상북도 예천군 (4790000000)","55,325","55,325","3,978","4,693","3,792","5,046","7,111","7,752","10,050","6,724","5,317","844","18","27,224","27,224","1,986","2,430","2,140","2,596","3,637","4,202","5,100","3,126","1,828","176","3","28,101","28,101","1,992","2,263","1,652","2,450","3,474","3,550","4,950","3,598","3,489","668","15"
"경상북도 봉화군 (4792000000)","29,603","29,603","971","1,718","1,589","1,496","2,723","4,992","7,449","4,608","3,481","563","13","15,090","15,090","531","874","961","856","1,560","2,793","3,974","2,211","1,191","138","1","14,513","14,513","440","844","628","640","1,163","2,199","3,475","2,397","2,290","425","12"
"경상북도 울진군 (4793000000)","46,669","46,669","2,380","3,317","3,887","3,782","5,581","8,174","9,148","5,511","4,119","754","16","23,553","23,553","1,214","1,803","2,351","2,113","2,978","4,552","4,621","2,513","1,280","126","2","23,116","23,116","1,166","1,514","1,536","1,669","2,603","3,622","4,527","2,998","2,839","628","14"
"경상북도 울릉군 (4794000000)","9,077","9,077","310","441","794","813","1,195","1,821","1,954","1,120","538","91","0","5,033","5,033","167","217","501","501","738","1,084","1,052","538","213","22","0","4,044","4,044","143","224","293","312","457","737","902","582","325","69","0"
"경상남도  (4800000000)","3,251,158","3,251,158","211,999","315,947","322,711","350,135","505,303","582,857","529,417","269,057","141,937","21,352","443","1,636,987","1,636,987","109,126","163,921","181,299","185,290","259,730","297,614","265,076","124,074","46,745","4,055","57","1,614,171","1,614,171","102,873","152,026","141,412","164,845","245,573","285,243","264,341","144,983","95,192","17,297","386"
"경상남도 창원시 (4812000000)","1,009,038","1,009,038","67,055","96,798","110,725","121,305","159,944","181,804","161,935","73,980","31,153","4,263","76","510,633","510,633","34,431","50,250","62,525","64,951","82,096","89,972","79,965","34,631","10,994","806","12","498,405","498,405","32,624","46,548","48,200","56,354","77,848","91,832","81,970","39,349","20,159","3,457","64"
"경상남도 창원시 의창구 (4812100000)","213,342","213,342","14,605","19,255","24,403","26,290","32,575","40,208","35,117","14,209","5,854","814","12","108,453","108,453","7,411","9,991","13,771","14,069","16,822","19,555","17,813","6,926","1,951","144","0","104,889","104,889","7,194","9,264","10,632","12,221","15,753","20,653","17,304","7,283","3,903","670","12"
"경상남도 창원시 성산구 (4812300000)","245,259","245,259","16,214","24,345","31,963","34,285","37,647","49,261","36,233","10,679","3,950","669","13","125,110","125,110","8,278","12,718","18,171","18,547","18,501","23,340","18,800","5,312","1,325","116","2","120,149","120,149","7,936","11,627","13,792","15,738","19,146","25,921","17,433","5,367","2,625","553","11"
"경상남도 창원시 마산합포구 (4812500000)","179,394","179,394","11,586","14,767","17,130","19,625","26,919","28,919","32,253","18,618","8,385","1,167","25","89,116","89,116","6,009","7,602","9,535","10,317","14,222","14,561","15,260","8,418","2,974","210","8","90,278","90,278","5,577","7,165","7,595","9,308","12,697","14,358","16,993","10,200","5,411","957","17"
"경상남도 창원시 마산회원구 (4812700000)","179,818","179,818","9,870","16,907","18,182","18,346","27,505","32,545","32,025","17,019","6,653","752","14","89,659","89,659","5,056","8,798","10,028","9,807","14,089","16,256","15,230","7,764","2,480","150","1","90,159","90,159","4,814","8,109","8,154","8,539","13,416","16,289","16,795","9,255","4,173","602","13"
"경상남도 창원시 진해구 (4812900000)","191,225","191,225","14,780","21,524","19,047","22,759","35,298","30,871","26,307","13,455","6,311","861","12","98,295","98,295","7,677","11,141","11,020","12,211","18,462","16,260","12,862","6,211","2,264","186","1","92,930","92,930","7,103","10,383","8,027","10,548","16,836","14,611","13,445","7,244","4,047","675","11"
"경상남도 진주시 (4817000000)","341,074","341,074","23,456","33,860","40,929","38,981","50,492","57,815","51,546","27,510","14,343","2,091","51","168,392","168,392","12,076","17,709","22,428","20,528","24,905","28,602","24,739","12,252","4,748","400","5","172,682","172,682","11,380","16,151","18,501","18,453","25,587","29,213","26,807","15,258","9,595","1,691","46"
"경상남도 통영시 (4822000000)","120,551","120,551","6,657","12,388","9,231","10,226","19,387","21,778","22,314","12,196","5,637","724","13","60,517","60,517","3,347","6,382","5,252","5,249","10,205","11,466","10,924","5,687","1,879","126","0","60,034","60,034","3,310","6,006","3,979","4,977","9,182","10,312","11,390","6,509","3,758","598","13"
"경상남도 사천시 (4824000000)","109,030","109,030","6,459","10,113","9,646","10,399","16,593","18,971","18,267","11,125","6,417","1,024","16","55,139","55,139","3,317","5,229","5,862","5,767","8,682","10,110","8,999","4,921","2,071","179","2","53,891","53,891","3,142","4,884","3,784","4,632","7,911","8,861","9,268","6,204","4,346","845","14"
"경상남도 사천남양출장소 (4824500000)","0","0","0","0","0","0","0","0","0","0","0","0","0","0","0","0","0","0","0","0","0","0","0","0","0","0","0","0","0","0","0","0","0","0","0","0","0","0","0"
"경상남도 김해시 (4825000000)","533,659","533,659","39,679","59,421","60,080","63,334","91,804","102,716","71,142","29,877","13,817","1,754","35","269,755","269,755","20,507","30,468","33,048","33,134","45,884","51,694","36,598","13,573","4,515","330","4","263,904","263,904","19,172","28,953","27,032","30,200","45,920","51,022","34,544","16,304","9,302","1,424","31"
"경상남도 장유출장소 (4825200000)","0","0","0","0","0","0","0","0","0","0","0","0","0","0","0","0","0","0","0","0","0","0","0","0","0","0","0","0","0","0","0","0","0","0","0","0","0","0","0"
"경상남도 밀양시 (4827000000)","102,084","102,084","4,468","7,302","7,587","7,855","12,018","17,551","22,777","13,608","7,796","1,107","15","50,356","50,356","2,290","3,819","4,383","4,229","6,379","8,978","11,298","6,245","2,515","218","2","51,728","51,728","2,178","3,483","3,204","3,626","5,639","8,573","11,479","7,363","5,281","889","13"
"경상남도 거제시 (4831000000)","234,038","234,038","18,932","28,353","20,126","26,157","46,089","43,042","31,511","13,042","5,804","960","22","122,542","122,542","9,794","14,739","11,563","13,545","24,699","23,592","16,109","6,385","1,932","180","4","111,496","111,496","9,138","13,614","8,563","12,612","21,390","19,450","15,402","6,657","3,872","780","18"
"경상남도 양산시 (4833000000)","355,122","355,122","28,534","35,755","34,950","44,329","61,629","61,518","51,255","24,491","11,226","1,395","40","177,596","177,596","14,684","18,164","18,772","22,863","31,472","30,746","25,342","11,229","3,996","320","8","177,526","177,526","13,850","17,591","16,178","21,466","30,157","30,772","25,913","13,262","7,230","1,075","32"
"경상남도 양산시웅상출장소 (4833200000)","0","0","0","0","0","0","0","0","0","0","0","0","0","0","0","0","0","0","0","0","0","0","0","0","0","0","0","0","0","0","0","0","0","0","0","0","0","0","0"
"경상남도 의령군 (4872000000)","25,475","25,475","838","1,348","1,461","1,500","2,421","4,289","6,097","3,815","3,125","564","17","12,668","12,668","459","719","881","787","1,365","2,405","3,294","1,750","897","106","5","12,807","12,807","379","629","580","713","1,056","1,884","2,803","2,065","2,228","458","12"
"경상남도 함안군 (4873000000)","60,203","60,203","2,795","5,523","4,355","4,336","8,112","10,841","12,185","6,926","4,403","720","7","30,840","30,840","1,467","2,888","2,615","2,342","4,280","6,003","6,492","3,280","1,341","132","0","29,363","29,363","1,328","2,635","1,740","1,994","3,832","4,838","5,693","3,646","3,062","588","7"
"경상남도 창녕군 (4874000000)","57,083","57,083","2,224","3,771","3,452","3,932","6,209","9,943","13,234","8,098","5,366","841","13","28,528","28,528","1,139","1,985","2,058","2,241","3,425","5,410","6,724","3,751","1,647","147","1","28,555","28,555","1,085","1,786","1,394","1,691","2,784","4,533","6,510","4,347","3,719","694","12"
"경상남도 고성군 (4882000000)","49,468","49,468","1,733","3,935","3,268","2,950","5,657","8,766","10,786","7,033","4,519","812","9","24,970","24,970","872","2,164","1,942","1,628","3,098","4,848","5,519","3,302","1,450","147","0","24,498","24,498","861","1,771","1,326","1,322","2,559","3,918","5,267","3,731","3,069","665","9"
"경상남도 남해군 (4884000000)","40,780","40,780","1,326","2,587","2,592","2,156","3,901","6,689","8,944","6,588","4,923","1,052","22","19,859","19,859","701","1,432","1,616","1,161","2,049","3,655","4,506","3,030","1,511","197","1","20,921","20,921","625","1,155","976","995","1,852","3,034","4,438","3,558","3,412","855","21"
"경상남도 하동군 (4885000000)","41,606","41,606","1,355","2,397","2,490","2,257","3,860","7,554","9,884","6,319","4,609","865","16","20,825","20,825","693","1,298","1,483","1,231","2,132","4,164","5,228","2,945","1,482","168","1","20,781","20,781","662","1,099","1,007","1,026","1,728","3,390","4,656","3,374","3,127","697","15"
"경상남도 산청군 (4886000000)","33,752","33,752","965","1,895","1,980","1,749","2,952","6,079","8,234","5,260","3,950","671","17","16,758","16,758","498","1,031","1,151","966","1,597","3,339","4,330","2,520","1,216","108","2","16,994","16,994","467","864","829","783","1,355","2,740","3,904","2,740","2,734","563","15"
"경상남도 함양군 (4887000000)","36,945","36,945","1,376","2,686","2,413","2,156","3,666","6,467","8,064","5,278","4,122","699","18","17,922","17,922","692","1,418","1,371","1,136","1,917","3,491","4,138","2,362","1,266","127","4","19,023","19,023","684","1,268","1,042","1,020","1,749","2,976","3,926","2,916","2,856","572","14"
"경상남도 거창군 (4888000000)","60,047","60,047","2,984","5,660","5,098","4,442","7,015","10,191","11,386","7,093","5,224","930","24","29,555","29,555","1,548","3,093","2,995","2,358","3,556","5,295","5,728","3,134","1,642","204","2","30,492","30,492","1,436","2,567","2,103","2,084","3,459","4,896","5,658","3,959","3,582","726","22"
"경상남도 합천군 (4889000000)","41,203","41,203","1,163","2,155","2,328","2,071","3,554","6,843","9,856","6,818","5,503","880","32","20,132","20,132","611","1,133","1,354","1,174","1,989","3,844","5,143","3,077","1,643","160","4","21,071","21,071","552","1,022","974","897","1,565","2,999","4,713","3,741","3,860","720","28"
"제주특별자치도  (5000000000)","675,252","675,252","51,403","70,469","74,037","78,167","108,720","118,487","93,983","47,881","26,824","4,986","295","337,976","337,976","26,386","36,468","39,448","39,613","55,331","61,292","46,954","21,993","9,556","918","17","337,276","337,276","25,017","34,001","34,589","38,554","53,389","57,195","47,029","25,888","17,268","4,068","278"
"제주특별자치도 제주시 (5011000000)","491,654","491,654","38,632","52,734","57,044","59,940","79,832","85,664","64,901","31,930","17,436","3,334","207","245,561","245,561","19,787","27,253","30,145","30,497","40,458","43,766","32,230","14,630","6,185","598","12","246,093","246,093","18,845","25,481","26,899","29,443","39,374","41,898","32,671","17,300","11,251","2,736","195"
"제주특별자치도 서귀포시 (5013000000)","183,598","183,598","12,771","17,735","16,993","18,227","28,888","32,823","29,082","15,951","9,388","1,652","88","92,415","92,415","6,599","9,215","9,303","9,116","14,873","17,526","14,724","7,363","3,371","320","5","91,183","91,183","6,172","8,520","7,690","9,111","14,015","15,297","14,358","8,588","6,017","1,332","83"
