사용월,호선명,역ID,지하철역,유임승차,유임하차,무임승차,무임하차,작업일시
Dec-23,1호선,150,서울역,1442704 ,1404121 ,211843 ,203808 ,2024-01-03 9:18
Dec-23,1호선,151,시청,696784 ,684254 ,99882 ,98107 ,2024-01-03 9:18
Dec-23,1호선,152,종각,1010849 ,985165 ,162696 ,152064 ,2024-01-03 9:18
Dec-23,1호선,153,종로3가,488467 ,450427 ,310689 ,286850 ,2024-01-03 9:18
Dec-23,1호선,154,종로5가,483866 ,476917 ,246504 ,239266 ,2024-01-03 9:18
Dec-23,1호선,155,동대문,236114 ,228110 ,128542 ,127639 ,2024-01-03 9:18
Dec-23,1호선,156,신설동,289402 ,276992 ,120282 ,116775 ,2024-01-03 9:18
Dec-23,1호선,157,제기동,231358 ,219338 ,256218 ,272510 ,2024-01-03 9:18
Dec-23,1호선,158,청량리(서울시립대입구),380606 ,372443 ,274847 ,276209 ,2024-01-03 9:18
Dec-23,1호선,159,동묘앞,144443 ,150931 ,146515 ,148571 ,2024-01-03 9:18
Dec-23,2호선,201,시청,697558 ,629317 ,61727 ,56189 ,2024-01-03 9:18
Dec-23,2호선,202,을지로입구,1399572 ,1418244 ,119872 ,110914 ,2024-01-03 9:18
Dec-23,2호선,203,을지로3가,649983 ,636802 ,78399 ,76370 ,2024-01-03 9:18
Dec-23,2호선,204,을지로4가,317873 ,326029 ,77737 ,77350 ,2024-01-03 9:18
Dec-23,2호선,205,동대문역사문화공원(DDP),397184 ,470844 ,59972 ,64609 ,2024-01-03 9:18
Dec-23,2호선,206,신당,346163 ,372336 ,93120 ,95854 ,2024-01-03 9:18
Dec-23,2호선,207,상왕십리,353125 ,340449 ,69110 ,69442 ,2024-01-03 9:18
Dec-23,2호선,208,왕십리(성동구청),422889 ,379790 ,55587 ,49671 ,2024-01-03 9:18
Dec-23,2호선,209,한양대,292705 ,319697 ,13543 ,14494 ,2024-01-03 9:18
Dec-23,2호선,210,뚝섬,659564 ,693655 ,61554 ,61652 ,2024-01-03 9:18
Dec-23,2호선,211,성수,1149979 ,1264676 ,102429 ,103810 ,2024-01-03 9:18
Dec-23,2호선,212,건대입구,1045524 ,1115033 ,98723 ,102276 ,2024-01-03 9:18
Dec-23,2호선,213,구의(광진구청),613573 ,592710 ,108726 ,109469 ,2024-01-03 9:18
Dec-23,2호선,214,강변(동서울터미널),836412 ,791150 ,123772 ,118326 ,2024-01-03 9:18
Dec-23,2호선,215,잠실나루,336712 ,323745 ,91495 ,90966 ,2024-01-03 9:18
Dec-23,2호선,216,잠실(송파구청),2407622 ,2389008 ,230837 ,222781 ,2024-01-03 9:18
Dec-23,2호선,217,잠실새내,591563 ,597566 ,116613 ,114943 ,2024-01-03 9:18
Dec-23,2호선,218,종합운동장,240493 ,264095 ,48865 ,50666 ,2024-01-03 9:18
Dec-23,2호선,219,삼성(무역센터),1547955 ,1528549 ,128153 ,117439 ,2024-01-03 9:18
Dec-23,2호선,220,선릉,1301816 ,1146995 ,226642 ,198162 ,2024-01-03 9:18
Dec-23,2호선,221,역삼,1171020 ,1334723 ,150688 ,153741 ,2024-01-03 9:18
Dec-23,2호선,222,강남,2147804 ,2103543 ,167806 ,145911 ,2024-01-03 9:18
Dec-23,2호선,223,교대(법원.검찰청),698451 ,849482 ,155703 ,188110 ,2024-01-03 9:18
Dec-23,2호선,224,서초,540940 ,515045 ,97642 ,97923 ,2024-01-03 9:18
Dec-23,2호선,225,방배,404154 ,419595 ,80096 ,79508 ,2024-01-03 9:18
Dec-23,2호선,226,사당,1022015 ,1129342 ,238624 ,224078 ,2024-01-03 9:18
Dec-23,2호선,227,낙성대(강감찬),697376 ,663721 ,109130 ,111635 ,2024-01-03 9:18
Dec-23,2호선,228,서울대입구(관악구청),1171481 ,1139798 ,181344 ,171398 ,2024-01-03 9:18
Dec-23,2호선,229,봉천,548024 ,500084 ,152147 ,150810 ,2024-01-03 9:18
Dec-23,2호선,230,신림,1416606 ,1350430 ,208689 ,206669 ,2024-01-03 9:18
Dec-23,2호선,231,신대방,617971 ,588536 ,129595 ,130197 ,2024-01-03 9:18
Dec-23,2호선,232,구로디지털단지,1430091 ,1403831 ,196977 ,196563 ,2024-01-03 9:18
Dec-23,2호선,233,대림(구로구청),584957 ,597963 ,132813 ,136621 ,2024-01-03 9:18
Dec-23,2호선,234,신도림,1264678 ,1257867 ,233371 ,221381 ,2024-01-03 9:18
Dec-23,2호선,235,문래,548232 ,567077 ,88254 ,88222 ,2024-01-03 9:18
Dec-23,2호선,236,영등포구청,515106 ,535201 ,103404 ,102121 ,2024-01-03 9:18
Dec-23,2호선,237,당산,452274 ,526081 ,60369 ,65450 ,2024-01-03 9:18
Dec-23,2호선,238,합정,936774 ,1031529 ,72107 ,72715 ,2024-01-03 9:18
Dec-23,2호선,239,홍대입구,2177364 ,2372022 ,103855 ,101215 ,2024-01-03 9:18
Dec-23,2호선,240,신촌,1037856 ,1067467 ,126570 ,125203 ,2024-01-03 9:18
Dec-23,2호선,241,이대,424899 ,461817 ,49726 ,52003 ,2024-01-03 9:18
Dec-23,2호선,242,아현,254011 ,234003 ,64701 ,63158 ,2024-01-03 9:18
Dec-23,2호선,243,충정로(경기대입구),242585 ,258721 ,48041 ,48351 ,2024-01-03 9:18
Dec-23,2호선,244,용답,69934 ,68523 ,17181 ,16910 ,2024-01-03 9:18
Dec-23,2호선,245,신답,37179 ,41423 ,9504 ,10469 ,2024-01-03 9:18
Dec-23,2호선,246,신설동,81506 ,77976 ,33233 ,35341 ,2024-01-03 9:18
Dec-23,2호선,247,도림천,27700 ,29130 ,7578 ,8700 ,2024-01-03 9:18
Dec-23,2호선,248,양천구청,147190 ,155538 ,51800 ,52999 ,2024-01-03 9:18
Dec-23,2호선,249,신정네거리,227327 ,232500 ,76010 ,77880 ,2024-01-03 9:18
Dec-23,2호선,250,용두(동대문구청),49941 ,48368 ,23920 ,24727 ,2024-01-03 9:18
Dec-23,3호선,309,지축,168554 ,164687 ,35658 ,33968 ,2024-01-03 9:18
Dec-23,3호선,310,구파발,502327 ,491819 ,129356 ,124238 ,2024-01-03 9:18
Dec-23,3호선,311,연신내,763903 ,725202 ,262648 ,254466 ,2024-01-03 9:18
Dec-23,3호선,312,불광,343882 ,365334 ,142735 ,157449 ,2024-01-03 9:18
Dec-23,3호선,313,녹번,373015 ,330825 ,81300 ,79913 ,2024-01-03 9:18
Dec-23,3호선,314,홍제,389802 ,367603 ,148093 ,146927 ,2024-01-03 9:18
Dec-23,3호선,315,무악재,94699 ,91152 ,32569 ,34379 ,2024-01-03 9:18
Dec-23,3호선,316,독립문,152460 ,156813 ,68384 ,68125 ,2024-01-03 9:18
Dec-23,3호선,317,경복궁(정부서울청사),656807 ,674328 ,94522 ,92637 ,2024-01-03 9:18
Dec-23,3호선,318,안국,648087 ,674970 ,101717 ,107150 ,2024-01-03 9:18
Dec-23,3호선,319,종로3가,245424 ,295038 ,66515 ,76545 ,2024-01-03 9:18
Dec-23,3호선,320,을지로3가,292581 ,301563 ,52428 ,49951 ,2024-01-03 9:18
Dec-23,3호선,321,충무로,65 ,0 ,2 ,0 ,2024-01-03 9:18
Dec-23,3호선,322,동대입구,277700 ,305286 ,41327 ,44929 ,2024-01-03 9:18
Dec-23,3호선,323,약수,303511 ,294770 ,85232 ,80290 ,2024-01-03 9:18
Dec-23,3호선,324,금호,181440 ,165407 ,56710 ,55162 ,2024-01-03 9:18
Dec-23,3호선,325,옥수,198591 ,205147 ,60429 ,60527 ,2024-01-03 9:18
Dec-23,3호선,326,압구정,813866 ,890821 ,142238 ,142509 ,2024-01-03 9:18
Dec-23,3호선,327,신사,774933 ,815465 ,72859 ,70918 ,2024-01-03 9:18
Dec-23,3호선,328,잠원,115238 ,109019 ,32390 ,31069 ,2024-01-03 9:18
Dec-23,3호선,329,고속터미널,1354909 ,1310489 ,227210 ,212720 ,2024-01-03 9:18
Dec-23,3호선,330,교대(법원.검찰청),386297 ,227187 ,91509 ,49808 ,2024-01-03 9:18
Dec-23,3호선,331,남부터미널(예술의전당),744620 ,756175 ,128952 ,129745 ,2024-01-03 9:18
Dec-23,3호선,332,양재(서초구청),888586 ,976681 ,162979 ,163551 ,2024-01-03 9:18
Dec-23,3호선,333,매봉,279257 ,272947 ,74088 ,70113 ,2024-01-03 9:18
Dec-23,3호선,334,도곡,119172 ,125137 ,27094 ,27530 ,2024-01-03 9:18
Dec-23,3호선,335,대치,259286 ,257014 ,74045 ,71719 ,2024-01-03 9:18
Dec-23,3호선,336,학여울,57930 ,59665 ,19968 ,19590 ,2024-01-03 9:18
Dec-23,3호선,337,대청,244341 ,227668 ,64490 ,62079 ,2024-01-03 9:18
Dec-23,3호선,338,일원,244148 ,233891 ,72596 ,72140 ,2024-01-03 9:18
Dec-23,3호선,339,수서,441466 ,449863 ,120331 ,118324 ,2024-01-03 9:18
Dec-23,3호선,340,가락시장,189770 ,188625 ,86300 ,84339 ,2024-01-03 9:18
Dec-23,3호선,341,경찰병원,166800 ,164920 ,44494 ,46010 ,2024-01-03 9:18
Dec-23,3호선,342,오금,151504 ,135449 ,34021 ,32463 ,2024-01-03 9:18
Dec-23,4호선,409,당고개,207299 ,173514 ,76477 ,75361 ,2024-01-03 9:18
Dec-23,4호선,410,상계,446502 ,406992 ,128634 ,125381 ,2024-01-03 9:18
Dec-23,4호선,411,노원,579676 ,672482 ,132026 ,139281 ,2024-01-03 9:18
Dec-23,4호선,412,창동,552753 ,582567 ,222265 ,228061 ,2024-01-03 9:18
Dec-23,4호선,413,쌍문,681718 ,616312 ,181269 ,178900 ,2024-01-03 9:18
Dec-23,4호선,414,수유(강북구청),818329 ,816779 ,202718 ,204140 ,2024-01-03 9:18
Dec-23,4호선,415,미아(서울사이버대학),337007 ,317259 ,118883 ,120293 ,2024-01-03 9:18
Dec-23,4호선,416,미아사거리,617678 ,600442 ,193262 ,192295 ,2024-01-03 9:18
Dec-23,4호선,417,길음,511934 ,499488 ,125820 ,126195 ,2024-01-03 9:18
Dec-23,4호선,418,성신여대입구(돈암),567388 ,547297 ,92850 ,91076 ,2024-01-03 9:18
Dec-23,4호선,419,한성대입구(삼선교),341123 ,330603 ,76375 ,74404 ,2024-01-03 9:18
Dec-23,4호선,420,혜화,1069953 ,1084767 ,139521 ,137680 ,2024-01-03 9:18
Dec-23,4호선,421,동대문,423888 ,445673 ,148462 ,144625 ,2024-01-03 9:18
Dec-23,4호선,422,동대문역사문화공원(DDP),519121 ,457498 ,65960 ,58992 ,2024-01-03 9:18
Dec-23,4호선,423,충무로,738133 ,763096 ,125178 ,127089 ,2024-01-03 9:18
Dec-23,4호선,424,명동,1015744 ,1136453 ,89184 ,94635 ,2024-01-03 9:18
Dec-23,4호선,425,회현(남대문시장),630621 ,669249 ,197724 ,197751 ,2024-01-03 9:18
Dec-23,4호선,426,서울역,314210 ,596767 ,42208 ,55589 ,2024-01-03 9:18
Dec-23,4호선,427,숙대입구(갈월),383247 ,373096 ,57577 ,54088 ,2024-01-03 9:18
Dec-23,4호선,428,삼각지,168070 ,200031 ,26371 ,28509 ,2024-01-03 9:18
Dec-23,4호선,429,신용산,513125 ,547699 ,58577 ,58745 ,2024-01-03 9:18
Dec-23,4호선,430,이촌(국립중앙박물관),216951 ,233721 ,48881 ,51355 ,2024-01-03 9:18
Dec-23,4호선,431,동작(현충원),23176 ,27385 ,11311 ,11718 ,2024-01-03 9:18
Dec-23,4호선,432,총신대입구(이수),410715 ,454252 ,154500 ,162193 ,2024-01-03 9:18
Dec-23,4호선,433,사당,684086 ,623156 ,111639 ,120758 ,2024-01-03 9:18
Dec-23,4호선,434,남태령,32263 ,24919 ,8694 ,7963 ,2024-01-03 9:18
Dec-23,경부선,1001,서울역,296374 ,92707 ,17565 ,3915 ,2024-01-03 9:18
Dec-23,경부선,1002,남영,246499 ,259743 ,38832 ,40047 ,2024-01-03 9:18
Dec-23,경부선,1003,용산,1193865 ,1218297 ,141647 ,140342 ,2024-01-03 9:18
Dec-23,경부선,1004,노량진,248151 ,269833 ,62436 ,64222 ,2024-01-03 9:18
Dec-23,경부선,1005,대방,239836 ,269035 ,61146 ,63897 ,2024-01-03 9:18
Dec-23,경부선,1006,영등포,1071783 ,1107731 ,306295 ,307586 ,2024-01-03 9:18
Dec-23,경부선,1007,신도림,86005 ,87699 ,24314 ,28386 ,2024-01-03 9:18
Dec-23,경부선,1032,신길,205712 ,170993 ,47116 ,43106 ,2024-01-03 9:18
Dec-23,경부선,1701,구로,420246 ,439755 ,106699 ,102899 ,2024-01-03 9:18
Dec-23,경부선,1702,가산디지털단지,405438 ,470996 ,38764 ,42454 ,2024-01-03 9:18
Dec-23,경부선,1703,금천구청,246519 ,246860 ,81132 ,82540 ,2024-01-03 9:18
Dec-23,경부선,1704,석수,216914 ,194291 ,49319 ,46639 ,2024-01-03 9:18
Dec-23,경부선,1705,관악,164546 ,155514 ,56081 ,55242 ,2024-01-03 9:18
Dec-23,경부선,1706,안양,568873 ,563059 ,125769 ,130109 ,2024-01-03 9:18
Dec-23,경부선,1707,명학,203121 ,199026 ,43465 ,42642 ,2024-01-03 9:18
Dec-23,경부선,1708,금정,685756 ,694360 ,131613 ,133083 ,2024-01-03 9:18
Dec-23,경부선,1709,군포,159155 ,155699 ,38974 ,37790 ,2024-01-03 9:18
Dec-23,경부선,1710,의왕,213516 ,208481 ,46257 ,45671 ,2024-01-03 9:18
Dec-23,경부선,1711,성균관대,389458 ,379969 ,60829 ,61211 ,2024-01-03 9:18
Dec-23,경부선,1712,화서,209741 ,201012 ,48635 ,47545 ,2024-01-03 9:18
Dec-23,경부선,1713,수원,1056906 ,1120063 ,161213 ,163739 ,2024-01-03 9:18
Dec-23,경부선,1714,독산,414243 ,422887 ,70613 ,72674 ,2024-01-03 9:18
Dec-23,경부선,1715,세류,83970 ,76961 ,17014 ,16687 ,2024-01-03 9:18
Dec-23,경부선,1716,병점,390642 ,390098 ,71934 ,71663 ,2024-01-03 9:18
Dec-23,경부선,1717,세마,78652 ,73310 ,16784 ,15648 ,2024-01-03 9:18
Dec-23,경부선,1718,오산대,94103 ,86020 ,16781 ,15853 ,2024-01-03 9:18
Dec-23,경부선,1719,오산,271390 ,270164 ,52476 ,53140 ,2024-01-03 9:18
Dec-23,경부선,1720,진위,39602 ,35005 ,9317 ,8723 ,2024-01-03 9:18
Dec-23,경부선,1721,송탄,122186 ,119800 ,21642 ,21244 ,2024-01-03 9:18
Dec-23,경부선,1722,서정리,231604 ,209742 ,36358 ,35161 ,2024-01-03 9:18
Dec-23,경부선,1723,평택지제,127243 ,120538 ,14181 ,13904 ,2024-01-03 9:18
Dec-23,경부선,1724,평택,361647 ,358506 ,69469 ,68249 ,2024-01-03 9:18
Dec-23,경부선,1725,성환,118369 ,114774 ,20156 ,19792 ,2024-01-03 9:18
Dec-23,경부선,1726,직산,22598 ,22211 ,5024 ,4724 ,2024-01-03 9:18
Dec-23,경부선,1727,두정,205231 ,215216 ,28820 ,29608 ,2024-01-03 9:18
Dec-23,경부선,1728,천안,167314 ,157606 ,56028 ,55301 ,2024-01-03 9:18
Dec-23,경부선,1729,당정,148832 ,140040 ,33198 ,31523 ,2024-01-03 9:18
Dec-23,경부선,1749,서동탄,34415 ,31205 ,7588 ,7209 ,2024-01-03 9:18
Dec-23,경부선,1750,광명,108039 ,89780 ,11232 ,10561 ,2024-01-03 9:18
Dec-23,경인선,1801,개봉,476382 ,458358 ,166160 ,171679 ,2024-01-03 9:18
Dec-23,경인선,1802,오류동,250868 ,228982 ,91880 ,89802 ,2024-01-03 9:18
Dec-23,경인선,1803,역곡,625166 ,612791 ,156355 ,161298 ,2024-01-03 9:18
Dec-23,경인선,1804,부천,736165 ,737590 ,226115 ,228644 ,2024-01-03 9:18
Dec-23,경인선,1805,송내,633862 ,620304 ,130802 ,128832 ,2024-01-03 9:18
Dec-23,경인선,1806,부평,737388 ,793106 ,155075 ,158073 ,2024-01-03 9:18
Dec-23,경인선,1807,백운,157192 ,149960 ,61209 ,61224 ,2024-01-03 9:18
Dec-23,경인선,1808,동암,359055 ,357785 ,109144 ,110343 ,2024-01-03 9:18
Dec-23,경인선,1809,주안,472892 ,422227 ,98236 ,87625 ,2024-01-03 9:18
Dec-23,경인선,1810,제물포,239118 ,225794 ,65575 ,64773 ,2024-01-03 9:18
Dec-23,경인선,1811,동인천,304723 ,286110 ,121072 ,118385 ,2024-01-03 9:18
Dec-23,경인선,1812,인천,77796 ,57932 ,30573 ,26963 ,2024-01-03 9:18
Dec-23,경인선,1813,구일,161952 ,161876 ,45683 ,44643 ,2024-01-03 9:18
Dec-23,경인선,1814,소사,166697 ,159333 ,61454 ,60012 ,2024-01-03 9:18
Dec-23,경인선,1815,부개,186343 ,170117 ,69056 ,67529 ,2024-01-03 9:18
Dec-23,경인선,1816,간석,125014 ,117562 ,46739 ,45298 ,2024-01-03 9:18
Dec-23,경인선,1817,도원,60167 ,60348 ,27987 ,29513 ,2024-01-03 9:18
Dec-23,경인선,1821,온수(성공회대입구),135015 ,124385 ,50707 ,49378 ,2024-01-03 9:18
Dec-23,경인선,1822,중동,192314 ,175877 ,75332 ,74354 ,2024-01-03 9:18
Dec-23,경인선,1823,도화,81962 ,72833 ,38675 ,37566 ,2024-01-03 9:18
Dec-23,경원선,1008,이촌(국립중앙박물관),85323 ,65972 ,30840 ,25925 ,2024-01-03 9:18
Dec-23,경원선,1009,서빙고,46918 ,44498 ,18061 ,17680 ,2024-01-03 9:18
Dec-23,경원선,1010,한남,86323 ,85539 ,30145 ,28021 ,2024-01-03 9:18
Dec-23,경원선,1011,옥수,1710 ,1220 ,184 ,85 ,2024-01-03 9:18
Dec-23,경원선,1012,응봉,38613 ,32542 ,16884 ,15387 ,2024-01-03 9:18
Dec-23,경원선,1013,왕십리(성동구청),432395 ,436913 ,77564 ,80112 ,2024-01-03 9:18
Dec-23,경원선,1014,청량리(서울시립대입구),401316 ,415408 ,151904 ,157618 ,2024-01-03 9:18
Dec-23,경원선,1016,외대앞,241846 ,231601 ,46034 ,46536 ,2024-01-03 9:18
Dec-23,경원선,1017,신이문,180541 ,162901 ,68289 ,66603 ,2024-01-03 9:18
Dec-23,경원선,1018,석계,166202 ,188563 ,61399 ,66325 ,2024-01-03 9:18
Dec-23,경원선,1019,광운대,189069 ,180873 ,56184 ,55239 ,2024-01-03 9:18
Dec-23,경원선,1020,월계,145258 ,131080 ,62978 ,60932 ,2024-01-03 9:18
Dec-23,경원선,1021,녹천,91918 ,74914 ,36688 ,33218 ,2024-01-03 9:18
Dec-23,경원선,1022,창동,7 ,0 ,3 ,0 ,2024-01-03 9:18
Dec-23,경원선,1901,방학,182362 ,177261 ,112587 ,110428 ,2024-01-03 9:18
Dec-23,경원선,1902,도봉,99769 ,93515 ,70084 ,69636 ,2024-01-03 9:18
Dec-23,경원선,1903,도봉산,126412 ,67191 ,102926 ,79814 ,2024-01-03 9:18
Dec-23,경원선,1904,망월사,168505 ,168636 ,71873 ,73178 ,2024-01-03 9:18
Dec-23,경원선,1905,회룡,229317 ,223880 ,154444 ,152266 ,2024-01-03 9:18
Dec-23,경원선,1906,의정부,460450 ,475647 ,122790 ,123557 ,2024-01-03 9:18
Dec-23,경원선,1907,가능,132362 ,125416 ,56932 ,56447 ,2024-01-03 9:18
Dec-23,경원선,1908,녹양,93245 ,87300 ,38229 ,36109 ,2024-01-03 9:18
Dec-23,경원선,1909,양주,164870 ,157056 ,55045 ,53477 ,2024-01-03 9:18
Dec-23,경원선,1910,덕계,115722 ,101555 ,31174 ,29441 ,2024-01-03 9:18
Dec-23,경원선,1911,덕정,142759 ,133766 ,35595 ,35616 ,2024-01-03 9:18
Dec-23,경원선,1912,지행,154611 ,154331 ,46214 ,45687 ,2024-01-03 9:18
Dec-23,경원선,1913,동두천중앙,55040 ,53645 ,35240 ,35154 ,2024-01-03 9:18
Dec-23,경원선,1914,보산,35349 ,32265 ,13658 ,12875 ,2024-01-03 9:18
Dec-23,경원선,1915,동두천,40358 ,40890 ,22086 ,23966 ,2024-01-03 9:18
Dec-23,경원선,1916,소요산,22856 ,19642 ,40555 ,37554 ,2024-01-03 9:18
Dec-23,경원선,1917,초성리,1405 ,1199 ,842 ,868 ,2024-01-03 9:18
Dec-23,경원선,1918,전곡,13554 ,12242 ,7546 ,6983 ,2024-01-03 9:18
Dec-23,경원선,1919,연천,10626 ,10601 ,20838 ,21191 ,2024-01-03 9:18
Dec-23,안산선,1751,산본,375711 ,404440 ,111799 ,113166 ,2024-01-03 9:18
Dec-23,안산선,1752,대야미,113548 ,98662 ,31279 ,29425 ,2024-01-03 9:18
Dec-23,안산선,1753,반월,96325 ,91590 ,31906 ,31437 ,2024-01-03 9:18
Dec-23,안산선,1754,상록수,381928 ,382182 ,73629 ,74593 ,2024-01-03 9:18
Dec-23,안산선,1755,한대앞,242937 ,238628 ,42979 ,44643 ,2024-01-03 9:18
Dec-23,안산선,1756,중앙,498556 ,527088 ,68768 ,67872 ,2024-01-03 9:18
Dec-23,안산선,1757,고잔,225579 ,215690 ,38862 ,37900 ,2024-01-03 9:18
Dec-23,안산선,1758,초지,131258 ,130107 ,19409 ,19299 ,2024-01-03 9:18
Dec-23,안산선,1759,안산,327813 ,309707 ,38985 ,36392 ,2024-01-03 9:18
Dec-23,안산선,1760,신길온천,47822 ,43206 ,10041 ,9601 ,2024-01-03 9:18
Dec-23,안산선,1761,정왕,249255 ,252722 ,29376 ,31017 ,2024-01-03 9:18
Dec-23,안산선,1762,오이도,207849 ,207703 ,33732 ,33728 ,2024-01-03 9:18
Dec-23,안산선,1763,수리산,85226 ,66592 ,32106 ,30043 ,2024-01-03 9:18
Dec-23,과천선,1450,선바위,193659 ,164829 ,35811 ,34460 ,2024-01-03 9:18
Dec-23,과천선,1451,경마공원,118467 ,120512 ,90998 ,90947 ,2024-01-03 9:18
Dec-23,과천선,1452,대공원,58771 ,60719 ,27894 ,29357 ,2024-01-03 9:18
Dec-23,과천선,1453,과천,147015 ,133964 ,48446 ,45905 ,2024-01-03 9:18
Dec-23,과천선,1454,정부과천청사,262235 ,271512 ,57741 ,56993 ,2024-01-03 9:18
Dec-23,과천선,1455,인덕원,600449 ,610780 ,127296 ,131030 ,2024-01-03 9:18
Dec-23,과천선,1456,평촌,426586 ,411364 ,72227 ,71581 ,2024-01-03 9:18
Dec-23,과천선,1457,범계,685165 ,685751 ,123804 ,121598 ,2024-01-03 9:18
Dec-23,분당선,1023,선릉,305630 ,479432 ,47970 ,65030 ,2024-01-03 9:18
Dec-23,분당선,1024,한티,373578 ,391634 ,72975 ,74607 ,2024-01-03 9:18
Dec-23,분당선,1025,도곡,166626 ,159635 ,57916 ,53263 ,2024-01-03 9:18
Dec-23,분당선,1026,구룡,62532 ,60692 ,22950 ,23150 ,2024-01-03 9:18
Dec-23,분당선,1027,개포동,105620 ,106374 ,34689 ,35821 ,2024-01-03 9:18
Dec-23,분당선,1028,대모산입구,136669 ,125170 ,38950 ,38393 ,2024-01-03 9:18
Dec-23,분당선,1030,수서,364841 ,377076 ,73430 ,75732 ,2024-01-03 9:18
Dec-23,분당선,1031,복정,28 ,0 ,3 ,0 ,2024-01-03 9:18
Dec-23,분당선,1846,수원,219565 ,196000 ,34849 ,30923 ,2024-01-03 9:18
Dec-23,분당선,1847,서울숲,322732 ,336347 ,29591 ,29180 ,2024-01-03 9:18
Dec-23,분당선,1848,압구정로데오,555616 ,637724 ,49824 ,48250 ,2024-01-03 9:18
Dec-23,분당선,1849,강남구청,228413 ,265034 ,40518 ,43811 ,2024-01-03 9:18
Dec-23,분당선,1850,선정릉,176562 ,185081 ,33161 ,32332 ,2024-01-03 9:18
Dec-23,분당선,1851,가천대,244296 ,255051 ,28554 ,29443 ,2024-01-03 9:18
Dec-23,분당선,1852,태평,304098 ,280377 ,96336 ,99411 ,2024-01-03 9:18
Dec-23,분당선,1853,모란,435593 ,434174 ,170440 ,185035 ,2024-01-03 9:18
Dec-23,분당선,1854,야탑,591869 ,628675 ,165112 ,167594 ,2024-01-03 9:18
Dec-23,분당선,1855,서현,601703 ,616112 ,136884 ,132397 ,2024-01-03 9:18
Dec-23,분당선,1856,수내,320105 ,318538 ,79043 ,77768 ,2024-01-03 9:18
Dec-23,분당선,1857,정자,440739 ,459932 ,72140 ,73107 ,2024-01-03 9:18
Dec-23,분당선,1858,미금,329094 ,345932 ,109861 ,115872 ,2024-01-03 9:18
Dec-23,분당선,1859,오리,257777 ,214373 ,74469 ,64469 ,2024-01-03 9:18
Dec-23,분당선,1860,이매,128330 ,121890 ,41928 ,41819 ,2024-01-03 9:18
Dec-23,분당선,1861,보정,56189 ,48513 ,21224 ,20091 ,2024-01-03 9:18
Dec-23,분당선,1862,죽전,334242 ,371003 ,74538 ,79497 ,2024-01-03 9:18
Dec-23,분당선,1863,구성,104934 ,109508 ,38320 ,38420 ,2024-01-03 9:18
Dec-23,분당선,1864,신갈,107089 ,103460 ,31529 ,31331 ,2024-01-03 9:18
Dec-23,분당선,1865,기흥,260356 ,237894 ,47358 ,45021 ,2024-01-03 9:18
Dec-23,분당선,1866,상갈,125236 ,118888 ,33485 ,32699 ,2024-01-03 9:18
Dec-23,분당선,1867,청명,112122 ,106487 ,22136 ,22343 ,2024-01-03 9:18
Dec-23,분당선,1868,영통,238381 ,236294 ,36252 ,35986 ,2024-01-03 9:18
Dec-23,분당선,1869,망포,402268 ,380487 ,43612 ,42105 ,2024-01-03 9:18
Dec-23,분당선,1870,매탄권선,137531 ,130775 ,24557 ,23477 ,2024-01-03 9:18
Dec-23,분당선,1871,수원시청,362349 ,401561 ,49308 ,50708 ,2024-01-03 9:18
Dec-23,분당선,1872,매교,121816 ,120191 ,25620 ,26093 ,2024-01-03 9:18
Dec-23,일산선,1948,원흥,270650 ,253541 ,65779 ,63067 ,2024-01-03 9:18
Dec-23,일산선,1949,지축,8 ,0 ,0 ,0 ,2024-01-03 9:18
Dec-23,일산선,1950,삼송,478318 ,449507 ,99094 ,99569 ,2024-01-03 9:18
Dec-23,일산선,1951,원당,244035 ,226227 ,83002 ,82397 ,2024-01-03 9:18
Dec-23,일산선,1952,화정,391328 ,404456 ,124442 ,127266 ,2024-01-03 9:18
Dec-23,일산선,1953,대곡,67241 ,49419 ,11996 ,10128 ,2024-01-03 9:18
Dec-23,일산선,1954,백석,228795 ,231510 ,78034 ,77362 ,2024-01-03 9:18
Dec-23,일산선,1955,마두,153979 ,157718 ,68393 ,70062 ,2024-01-03 9:18
Dec-23,일산선,1956,정발산,174567 ,184375 ,55722 ,52433 ,2024-01-03 9:18
Dec-23,일산선,1957,주엽,192829 ,190673 ,92522 ,95513 ,2024-01-03 9:18
Dec-23,일산선,1958,대화,344492 ,267127 ,84600 ,76960 ,2024-01-03 9:18
Dec-23,중앙선,1015,회기,682921 ,645909 ,119917 ,117744 ,2024-01-03 9:18
Dec-23,중앙선,1201,중랑,112419 ,107101 ,49134 ,48846 ,2024-01-03 9:18
Dec-23,중앙선,1202,상봉(시외버스터미널),128827 ,127225 ,41177 ,40286 ,2024-01-03 9:18
Dec-23,중앙선,1203,망우,156032 ,148149 ,73241 ,73897 ,2024-01-03 9:18
Dec-23,중앙선,1204,양원,65512 ,62364 ,20830 ,20693 ,2024-01-03 9:18
Dec-23,중앙선,1205,구리,303583 ,308769 ,85783 ,86420 ,2024-01-03 9:18
Dec-23,중앙선,1206,도농,252867 ,231521 ,68303 ,66620 ,2024-01-03 9:18
Dec-23,중앙선,1207,양정,10041 ,8211 ,5728 ,4866 ,2024-01-03 9:18
Dec-23,중앙선,1208,덕소,114489 ,112351 ,45570 ,45386 ,2024-01-03 9:18
Dec-23,중앙선,1209,도심,49169 ,37542 ,18903 ,17233 ,2024-01-03 9:18
Dec-23,중앙선,1210,팔당,17627 ,18316 ,7870 ,7687 ,2024-01-03 9:18
Dec-23,중앙선,1211,운길산,10824 ,9964 ,7197 ,7191 ,2024-01-03 9:18
Dec-23,중앙선,1212,양수,33674 ,33753 ,18893 ,19007 ,2024-01-03 9:18
Dec-23,중앙선,1213,신원,2509 ,2282 ,2767 ,2279 ,2024-01-03 9:18
Dec-23,중앙선,1214,국수,11842 ,11346 ,8714 ,8808 ,2024-01-03 9:18
Dec-23,중앙선,1215,아신,10170 ,10273 ,7556 ,7398 ,2024-01-03 9:18
Dec-23,중앙선,1216,오빈,4579 ,4472 ,4179 ,4247 ,2024-01-03 9:18
Dec-23,중앙선,1217,양평,63457 ,65422 ,32427 ,32828 ,2024-01-03 9:18
Dec-23,중앙선,1218,원덕,4951 ,4673 ,5471 ,5273 ,2024-01-03 9:18
Dec-23,중앙선,1219,용문,30553 ,30571 ,29798 ,29861 ,2024-01-03 9:18
Dec-23,중앙선,1220,지평,705 ,898 ,808 ,790 ,2024-01-03 9:18
Dec-23,장항선,1401,봉명,27315 ,27335 ,11365 ,10812 ,2024-01-03 9:18
Dec-23,장항선,1402,쌍용(나사렛대),64209 ,60653 ,15153 ,14556 ,2024-01-03 9:18
Dec-23,장항선,1403,아산,116344 ,102691 ,14410 ,13303 ,2024-01-03 9:18
Dec-23,장항선,1404,탕정,40847 ,36213 ,6166 ,5884 ,2024-01-03 9:18
Dec-23,장항선,1405,배방,31446 ,30373 ,7041 ,6649 ,2024-01-03 9:18
Dec-23,장항선,1407,온양온천,90866 ,92082 ,63727 ,64016 ,2024-01-03 9:18
Dec-23,장항선,1408,신창(순천향대),41101 ,39245 ,6311 ,5807 ,2024-01-03 9:18
Dec-23,경의선,1252,신촌,21457 ,28380 ,3621 ,4613 ,2024-01-03 9:18
Dec-23,경의선,1261,효창공원앞,75422 ,83375 ,15572 ,17581 ,2024-01-03 9:18
Dec-23,경의선,1263,서강대,55495 ,55728 ,11364 ,10849 ,2024-01-03 9:18
Dec-23,경의선,1265,가좌,129272 ,121935 ,44807 ,44875 ,2024-01-03 9:18
Dec-23,경의선,1267,수색,74090 ,77135 ,17445 ,17742 ,2024-01-03 9:18
Dec-23,경의선,1268,화전,57762 ,52587 ,8742 ,8425 ,2024-01-03 9:18
Dec-23,경의선,1269,강매,74315 ,62478 ,18258 ,17196 ,2024-01-03 9:18
Dec-23,경의선,1270,행신,203310 ,201390 ,36876 ,37691 ,2024-01-03 9:18
Dec-23,경의선,1271,능곡,107785 ,98924 ,34317 ,33507 ,2024-01-03 9:18
Dec-23,경의선,1272,곡산,12801 ,13229 ,4998 ,5150 ,2024-01-03 9:18
Dec-23,경의선,1273,백마,176548 ,167115 ,37238 ,36551 ,2024-01-03 9:18
Dec-23,경의선,1274,풍산,143033 ,133475 ,39679 ,38993 ,2024-01-03 9:18
Dec-23,경의선,1275,일산,245281 ,235176 ,68464 ,68665 ,2024-01-03 9:18
Dec-23,경의선,1276,탄현,193009 ,180070 ,40898 ,40339 ,2024-01-03 9:18
Dec-23,경의선,1277,야당,221579 ,226977 ,42158 ,40872 ,2024-01-03 9:18
Dec-23,경의선,1278,운정,174102 ,159404 ,41777 ,40233 ,2024-01-03 9:18
Dec-23,경의선,1279,금릉,129774 ,123276 ,30887 ,30208 ,2024-01-03 9:18
Dec-23,경의선,1280,금촌,156286 ,150515 ,46458 ,47278 ,2024-01-03 9:18
Dec-23,경의선,1282,월롱,52653 ,45033 ,8239 ,8580 ,2024-01-03 9:18
Dec-23,경의선,1283,파주,31819 ,23023 ,6823 ,5852 ,2024-01-03 9:18
Dec-23,경의선,1284,문산,120830 ,116211 ,42404 ,42217 ,2024-01-03 9:18
Dec-23,경의선,1285,임진강,311 ,226 ,219 ,196 ,2024-01-03 9:18
Dec-23,경의선,1286,운천,111 ,28 ,100 ,97 ,2024-01-03 9:18
Dec-23,경의선,1291,서울역,101791 ,126144 ,16319 ,19611 ,2024-01-03 9:18
Dec-23,경의선,1292,공덕,109672 ,84080 ,16897 ,15668 ,2024-01-03 9:18
Dec-23,경의선,1293,홍대입구,61859 ,81718 ,5512 ,6322 ,2024-01-03 9:18
Dec-23,경의선,1294,디지털미디어시티,69415 ,61263 ,12759 ,13069 ,2024-01-03 9:18
Dec-23,경의선,1295,김포공항,1 ,0 ,0 ,0 ,2024-01-03 9:18
Dec-23,경의선,1296,계양,10 ,0 ,1 ,0 ,2024-01-03 9:18
Dec-23,경춘선,1311,신내,45623 ,42268 ,17952 ,17278 ,2024-01-03 9:18
Dec-23,경춘선,1312,갈매,64951 ,53598 ,21313 ,19660 ,2024-01-03 9:18
Dec-23,경춘선,1313,별내,69004 ,65533 ,21937 ,20479 ,2024-01-03 9:18
Dec-23,경춘선,1314,퇴계원,74676 ,67226 ,28546 ,26923 ,2024-01-03 9:18
Dec-23,경춘선,1315,사릉,46739 ,44699 ,14610 ,14649 ,2024-01-03 9:18
Dec-23,경춘선,1316,금곡,26672 ,25452 ,15689 ,15131 ,2024-01-03 9:18
Dec-23,경춘선,1317,평내호평,130280 ,127683 ,46667 ,44703 ,2024-01-03 9:18
Dec-23,경춘선,1318,천마산,27611 ,24119 ,17445 ,17444 ,2024-01-03 9:18
Dec-23,경춘선,1319,마석,78114 ,74811 ,33924 ,33709 ,2024-01-03 9:18
Dec-23,경춘선,1320,대성리,10761 ,9729 ,5416 ,5062 ,2024-01-03 9:18
Dec-23,경춘선,1321,청평,35552 ,33970 ,17180 ,16858 ,2024-01-03 9:18
Dec-23,경춘선,1322,상천,3775 ,3353 ,3383 ,3175 ,2024-01-03 9:18
Dec-23,경춘선,1323,가평,41328 ,41541 ,13618 ,13363 ,2024-01-03 9:18
Dec-23,경춘선,1324,굴봉산,1834 ,2840 ,1495 ,1423 ,2024-01-03 9:18
Dec-23,경춘선,1325,백양리,9095 ,7486 ,1070 ,1152 ,2024-01-03 9:18
Dec-23,경춘선,1326,강촌,8878 ,8331 ,3467 ,3412 ,2024-01-03 9:18
Dec-23,경춘선,1327,김유정,7262 ,7181 ,3350 ,3396 ,2024-01-03 9:18
Dec-23,경춘선,1328,남춘천,63409 ,63700 ,24403 ,24935 ,2024-01-03 9:18
Dec-23,경춘선,1329,춘천,32163 ,28989 ,14213 ,12011 ,2024-01-03 9:18
Dec-23,수인선,1873,고색,128700 ,121665 ,20414 ,18923 ,2024-01-03 9:18
Dec-23,수인선,1874,오목천,109051 ,91490 ,17016 ,16531 ,2024-01-03 9:18
Dec-23,수인선,1875,어천,31199 ,28672 ,7193 ,7830 ,2024-01-03 9:18
Dec-23,수인선,1876,야목,8577 ,6946 ,2660 ,2250 ,2024-01-03 9:18
Dec-23,수인선,1877,사리,131112 ,110428 ,20278 ,18353 ,2024-01-03 9:18
Dec-23,수인선,1878,달월,2047 ,1554 ,1110 ,590 ,2024-01-03 9:18
Dec-23,수인선,1879,월곶,66635 ,58870 ,17350 ,16791 ,2024-01-03 9:18
Dec-23,수인선,1880,소래포구,101628 ,95996 ,51714 ,50612 ,2024-01-03 9:18
Dec-23,수인선,1881,인천논현,123734 ,132462 ,36304 ,37021 ,2024-01-03 9:18
Dec-23,수인선,1882,호구포,91116 ,92523 ,22946 ,22516 ,2024-01-03 9:18
Dec-23,수인선,1883,남동인더스파크,47914 ,54588 ,6724 ,6753 ,2024-01-03 9:18
Dec-23,수인선,1884,원인재,101070 ,101401 ,34054 ,33948 ,2024-01-03 9:18
Dec-23,수인선,1885,연수,112731 ,112002 ,33977 ,34019 ,2024-01-03 9:18
Dec-23,수인선,1886,송도,51689 ,46369 ,22624 ,21782 ,2024-01-03 9:18
Dec-23,수인선,1888,인하대,161633 ,149183 ,29935 ,28590 ,2024-01-03 9:18
Dec-23,수인선,1889,숭의,85841 ,79108 ,30659 ,29087 ,2024-01-03 9:18
Dec-23,수인선,1890,신포,40653 ,42227 ,14643 ,14801 ,2024-01-03 9:18
Dec-23,수인선,1891,인천,19844 ,35147 ,12469 ,15991 ,2024-01-03 9:18
Dec-23,경강선,1501,판교,149143 ,151654 ,21956 ,19387 ,2024-01-03 9:18
Dec-23,경강선,1502,이매,28088 ,22990 ,7507 ,6871 ,2024-01-03 9:18
Dec-23,경강선,1503,삼동,58091 ,51836 ,14421 ,14497 ,2024-01-03 9:18
Dec-23,경강선,1504,경기광주,199817 ,183832 ,35023 ,34759 ,2024-01-03 9:18
Dec-23,경강선,1505,초월,87036 ,79351 ,16749 ,16123 ,2024-01-03 9:18
Dec-23,경강선,1506,곤지암,58716 ,54561 ,14226 ,13954 ,2024-01-03 9:18
Dec-23,경강선,1507,신둔도예촌,37255 ,33865 ,8756 ,8280 ,2024-01-03 9:18
Dec-23,경강선,1508,이천,75836 ,79337 ,15241 ,16037 ,2024-01-03 9:18
Dec-23,경강선,1509,부발,62461 ,58430 ,10034 ,9760 ,2024-01-03 9:18
Dec-23,경강선,1510,세종대왕릉,6788 ,6651 ,3789 ,3789 ,2024-01-03 9:18
Dec-23,경강선,1511,여주,66291 ,65185 ,18824 ,18732 ,2024-01-03 9:18
Dec-23,서해선,1980,김포공항,84527 ,102247 ,11161 ,15411 ,2024-01-03 9:18
Dec-23,서해선,1981,원종,96140 ,96603 ,36788 ,38051 ,2024-01-03 9:18
Dec-23,서해선,1982,부천종합운동장,63595 ,50681 ,7509 ,5894 ,2024-01-03 9:18
Dec-23,5호선,2511,방화,148772 ,140607 ,56409 ,55349 ,2024-01-03 9:18
Dec-23,5호선,2512,개화산,129539 ,122466 ,41907 ,41092 ,2024-01-03 9:18
Dec-23,5호선,2513,김포공항,253098 ,203846 ,46563 ,43844 ,2024-01-03 9:18
Dec-23,5호선,2514,송정,140257 ,132010 ,50822 ,48887 ,2024-01-03 9:18
Dec-23,5호선,2515,마곡,286953 ,290625 ,49434 ,48133 ,2024-01-03 9:18
Dec-23,5호선,2516,발산,546405 ,576816 ,112427 ,109148 ,2024-01-03 9:18
Dec-23,5호선,2517,우장산,331077 ,320549 ,97689 ,101086 ,2024-01-03 9:18
Dec-23,5호선,2518,화곡,686226 ,632669 ,153634 ,147124 ,2024-01-03 9:18
Dec-23,5호선,2519,까치산,664290 ,628899 ,162697 ,163963 ,2024-01-03 9:18
Dec-23,5호선,2520,신정(은행정),324496 ,262930 ,66393 ,63625 ,2024-01-03 9:18
Dec-23,5호선,2521,목동,391771 ,416998 ,87860 ,89505 ,2024-01-03 9:18
Dec-23,5호선,2522,오목교(목동운동장앞),539911 ,572142 ,94502 ,93675 ,2024-01-03 9:18
Dec-23,5호선,2523,양평,180911 ,176401 ,31061 ,30757 ,2024-01-03 9:18
Dec-23,5호선,2524,영등포구청,105133 ,103546 ,21052 ,20589 ,2024-01-03 9:18
Dec-23,5호선,2525,영등포시장,255186 ,261749 ,83576 ,85312 ,2024-01-03 9:18
Dec-23,5호선,2526,신길,125170 ,129136 ,12456 ,12969 ,2024-01-03 9:18
Dec-23,5호선,2527,여의도,765659 ,792548 ,60226 ,56866 ,2024-01-03 9:18
Dec-23,5호선,2528,여의나루,309359 ,386743 ,29780 ,29514 ,2024-01-03 9:18
Dec-23,5호선,2529,마포,361841 ,372536 ,67024 ,66658 ,2024-01-03 9:18
Dec-23,5호선,2530,공덕,356531 ,378406 ,52172 ,49599 ,2024-01-03 9:18
Dec-23,5호선,2531,애오개,152720 ,152463 ,38732 ,37408 ,2024-01-03 9:18
Dec-23,5호선,2532,충정로(경기대입구),111202 ,112198 ,15720 ,16234 ,2024-01-03 9:18
Dec-23,5호선,2533,서대문,480960 ,485639 ,72509 ,68532 ,2024-01-03 9:18
Dec-23,5호선,2534,광화문(세종문화회관),961480 ,1001882 ,102339 ,100391 ,2024-01-03 9:18
Dec-23,5호선,2535,종로3가,359884 ,350310 ,101957 ,103317 ,2024-01-03 9:18
Dec-23,5호선,2536,을지로4가,137263 ,144023 ,43508 ,42532 ,2024-01-03 9:18
Dec-23,5호선,2537,동대문역사문화공원(DDP),78012 ,91659 ,8601 ,9736 ,2024-01-03 9:18
Dec-23,5호선,2538,청구,87219 ,85074 ,24964 ,20568 ,2024-01-03 9:18
Dec-23,5호선,2539,신금호,148386 ,154248 ,39784 ,44480 ,2024-01-03 9:18
Dec-23,5호선,2540,행당,184907 ,162672 ,53158 ,48198 ,2024-01-03 9:18
Dec-23,5호선,2541,왕십리(성동구청),110447 ,135762 ,26921 ,26978 ,2024-01-03 9:18
Dec-23,5호선,2542,마장,132289 ,124898 ,43584 ,43226 ,2024-01-03 9:18
Dec-23,5호선,2543,답십리,378775 ,342208 ,88823 ,85195 ,2024-01-03 9:18
Dec-23,5호선,2544,장한평,446797 ,441848 ,99878 ,101919 ,2024-01-03 9:18
Dec-23,5호선,2545,군자(능동),304011 ,338976 ,45024 ,49181 ,2024-01-03 9:18
Dec-23,5호선,2546,아차산(어린이대공원후문),330224 ,318060 ,103116 ,101342 ,2024-01-03 9:18
Dec-23,5호선,2547,광나루(장신대),331615 ,306362 ,75818 ,73014 ,2024-01-03 9:18
Dec-23,5호선,2548,천호(풍납토성),446316 ,430283 ,151433 ,151313 ,2024-01-03 9:18
Dec-23,5호선,2549,강동,420321 ,407241 ,111875 ,108936 ,2024-01-03 9:18
Dec-23,5호선,2550,길동,164605 ,171437 ,78878 ,80327 ,2024-01-03 9:18
Dec-23,5호선,2551,굽은다리(강동구민회관앞),213956 ,208251 ,84772 ,80312 ,2024-01-03 9:18
Dec-23,5호선,2552,명일,193365 ,194787 ,75731 ,77593 ,2024-01-03 9:18
Dec-23,5호선,2553,고덕,227594 ,220598 ,77827 ,76354 ,2024-01-03 9:18
Dec-23,5호선,2554,상일동,328926 ,310313 ,95299 ,93972 ,2024-01-03 9:18
Dec-23,5호선,2555,둔촌동,192165 ,191205 ,71047 ,71679 ,2024-01-03 9:18
Dec-23,5호선,2556,올림픽공원(한국체대),123538 ,109387 ,38090 ,34863 ,2024-01-03 9:18
Dec-23,5호선,2557,방이,167736 ,171336 ,52678 ,52676 ,2024-01-03 9:18
Dec-23,5호선,2558,오금,82482 ,81782 ,22990 ,21857 ,2024-01-03 9:18
Dec-23,5호선,2559,개롱,138543 ,143161 ,52691 ,54431 ,2024-01-03 9:18
Dec-23,5호선,2560,거여,225042 ,217625 ,69515 ,67195 ,2024-01-03 9:18
Dec-23,5호선,2561,마천,159241 ,141661 ,59760 ,60738 ,2024-01-03 9:18
Dec-23,5호선,2562,강일,123857 ,109649 ,44178 ,42231 ,2024-01-03 9:18
Dec-23,5호선,2563,미사,433397 ,437035 ,87579 ,87214 ,2024-01-03 9:18
Dec-23,5호선,2564,하남풍산,100760 ,100692 ,33774 ,33408 ,2024-01-03 9:18
Dec-23,5호선,2565,하남시청(덕풍·신장),165134 ,153402 ,76834 ,76738 ,2024-01-03 9:18
Dec-23,5호선,2566,하남검단산,153277 ,144029 ,53289 ,52846 ,2024-01-03 9:18
Dec-23,6호선,2611,응암,396185 ,388725 ,123579 ,123384 ,2024-01-03 9:18
Dec-23,6호선,2612,역촌,78591 ,99460 ,33930 ,33892 ,2024-01-03 9:18
Dec-23,6호선,2613,불광,96131 ,96072 ,43327 ,34950 ,2024-01-03 9:18
Dec-23,6호선,2614,독바위,59768 ,59236 ,20875 ,25280 ,2024-01-03 9:18
Dec-23,6호선,2615,연신내,22 ,0 ,2 ,0 ,2024-01-03 9:18
Dec-23,6호선,2616,구산,177711 ,119030 ,56441 ,59187 ,2024-01-03 9:18
Dec-23,6호선,2617,새절(신사),284086 ,256891 ,90413 ,89788 ,2024-01-03 9:18
Dec-23,6호선,2618,증산(명지대앞),217860 ,214433 ,74712 ,75355 ,2024-01-03 9:18
Dec-23,6호선,2619,디지털미디어시티,344325 ,381161 ,62140 ,62711 ,2024-01-03 9:18
Dec-23,6호선,2620,월드컵경기장(성산),83042 ,88175 ,47049 ,45438 ,2024-01-03 9:18
Dec-23,6호선,2621,마포구청,336982 ,302200 ,82902 ,75930 ,2024-01-03 9:18
Dec-23,6호선,2622,망원,375727 ,402644 ,81236 ,85600 ,2024-01-03 9:18
Dec-23,6호선,2623,합정,387428 ,381691 ,43410 ,40218 ,2024-01-03 9:18
Dec-23,6호선,2624,상수,298173 ,344173 ,22805 ,23070 ,2024-01-03 9:18
Dec-23,6호선,2625,광흥창(서강),215791 ,207429 ,52465 ,52034 ,2024-01-03 9:18
Dec-23,6호선,2626,대흥(서강대앞),220628 ,229104 ,47316 ,47390 ,2024-01-03 9:18
Dec-23,6호선,2627,공덕,459515 ,445008 ,81670 ,76543 ,2024-01-03 9:18
Dec-23,6호선,2628,효창공원앞,177835 ,161959 ,38947 ,35832 ,2024-01-03 9:18
Dec-23,6호선,2629,삼각지,207954 ,181983 ,22110 ,18660 ,2024-01-03 9:18
Dec-23,6호선,2630,녹사평(용산구청),139857 ,144479 ,18830 ,18137 ,2024-01-03 9:18
Dec-23,6호선,2631,이태원,350254 ,385058 ,32436 ,32872 ,2024-01-03 9:18
Dec-23,6호선,2632,한강진,287348 ,337444 ,18299 ,18360 ,2024-01-03 9:18
Dec-23,6호선,2633,버티고개,49898 ,48083 ,14481 ,16236 ,2024-01-03 9:18
Dec-23,6호선,2634,약수,88730 ,88889 ,22157 ,22244 ,2024-01-03 9:18
Dec-23,6호선,2635,청구,90544 ,86457 ,20093 ,22290 ,2024-01-03 9:18
Dec-23,6호선,2636,신당,228106 ,227766 ,39410 ,38141 ,2024-01-03 9:18
Dec-23,6호선,2637,동묘앞,182932 ,188804 ,70230 ,64636 ,2024-01-03 9:18
Dec-23,6호선,2638,창신,82898 ,67740 ,19978 ,18853 ,2024-01-03 9:18
Dec-23,6호선,2639,보문,198486 ,182352 ,31872 ,30434 ,2024-01-03 9:18
Dec-23,6호선,2640,안암(고대병원앞),344310 ,340147 ,38710 ,37694 ,2024-01-03 9:18
Dec-23,6호선,2641,고려대(종암),223044 ,214337 ,36113 ,35373 ,2024-01-03 9:18
Dec-23,6호선,2642,월곡(동덕여대),278243 ,268124 ,69658 ,69035 ,2024-01-03 9:18
Dec-23,6호선,2643,상월곡(한국과학기술연구원),151030 ,134199 ,41737 ,40204 ,2024-01-03 9:18
Dec-23,6호선,2644,돌곶이,232880 ,208469 ,68623 ,67940 ,2024-01-03 9:18
Dec-23,6호선,2645,석계,281337 ,292219 ,81771 ,81862 ,2024-01-03 9:18
Dec-23,6호선,2646,태릉입구,136631 ,153504 ,34990 ,36163 ,2024-01-03 9:18
Dec-23,6호선,2647,화랑대(서울여대입구),298319 ,225347 ,50392 ,45261 ,2024-01-03 9:18
Dec-23,6호선,2648,봉화산(서울의료원),205042 ,190926 ,50887 ,50548 ,2024-01-03 9:18
Dec-23,6호선,2649,신내,10 ,0 ,0 ,0 ,2024-01-03 9:18
Dec-23,7호선,2711,장암,60244 ,24277 ,11419 ,8418 ,2024-01-03 9:18
Dec-23,7호선,2712,도봉산,211600 ,238559 ,47102 ,67357 ,2024-01-03 9:18
Dec-23,7호선,2713,수락산,270653 ,260070 ,102701 ,103934 ,2024-01-03 9:18
Dec-23,7호선,2714,마들,286947 ,261341 ,93320 ,91084 ,2024-01-03 9:18
Dec-23,7호선,2715,노원,513465 ,545280 ,151346 ,147469 ,2024-01-03 9:18
Dec-23,7호선,2716,중계,329568 ,296083 ,96207 ,92190 ,2024-01-03 9:18
Dec-23,7호선,2717,하계,420326 ,386814 ,116820 ,112778 ,2024-01-03 9:18
Dec-23,7호선,2718,공릉(서울과학기술대),282103 ,275008 ,76175 ,75998 ,2024-01-03 9:18
Dec-23,7호선,2719,태릉입구,217458 ,204547 ,46415 ,42275 ,2024-01-03 9:18
Dec-23,7호선,2720,먹골,232839 ,225858 ,69962 ,71900 ,2024-01-03 9:18
Dec-23,7호선,2721,중화,243586 ,234792 ,67378 ,67005 ,2024-01-03 9:18
Dec-23,7호선,2722,상봉(시외버스터미널),433650 ,414192 ,80481 ,77238 ,2024-01-03 9:18
Dec-23,7호선,2723,면목,348171 ,331090 ,97548 ,101132 ,2024-01-03 9:18
Dec-23,7호선,2724,사가정,370004 ,364990 ,107090 ,107585 ,2024-01-03 9:18
Dec-23,7호선,2725,용마산(용마폭포공원),135202 ,127074 ,35589 ,38284 ,2024-01-03 9:18
Dec-23,7호선,2726,중곡,256221 ,235472 ,66945 ,67800 ,2024-01-03 9:18
Dec-23,7호선,2727,군자(능동),363394 ,276523 ,86901 ,73484 ,2024-01-03 9:18
Dec-23,7호선,2728,어린이대공원(세종대),402408 ,403652 ,42667 ,42641 ,2024-01-03 9:18
Dec-23,7호선,2729,건대입구,350735 ,376641 ,66328 ,61328 ,2024-01-03 9:18
Dec-23,7호선,2730,뚝섬유원지,197910 ,191037 ,44558 ,44051 ,2024-01-03 9:18
Dec-23,7호선,2731,청담,438192 ,496223 ,79335 ,77114 ,2024-01-03 9:18
Dec-23,7호선,2732,강남구청,396528 ,444538 ,53989 ,55019 ,2024-01-03 9:18
Dec-23,7호선,2733,학동,566901 ,602163 ,65758 ,63140 ,2024-01-03 9:18
Dec-23,7호선,2734,논현,446435 ,467782 ,46175 ,44748 ,2024-01-03 9:18
Dec-23,7호선,2735,반포,145669 ,141762 ,37876 ,36011 ,2024-01-03 9:18
Dec-23,7호선,2736,고속터미널,465196 ,365466 ,80391 ,72389 ,2024-01-03 9:18
Dec-23,7호선,2737,내방,328895 ,336531 ,77924 ,75778 ,2024-01-03 9:18
Dec-23,7호선,2738,이수,397254 ,383648 ,86356 ,81272 ,2024-01-03 9:18
Dec-23,7호선,2739,남성,255383 ,235624 ,78129 ,77417 ,2024-01-03 9:18
Dec-23,7호선,2740,숭실대입구(살피재),331950 ,323054 ,66985 ,68465 ,2024-01-03 9:18
Dec-23,7호선,2741,상도,282198 ,273427 ,64882 ,62054 ,2024-01-03 9:18
Dec-23,7호선,2742,장승배기,199872 ,190811 ,69915 ,70708 ,2024-01-03 9:18
Dec-23,7호선,2743,신대방삼거리,339556 ,317420 ,93197 ,96192 ,2024-01-03 9:18
Dec-23,7호선,2744,보라매,163800 ,168038 ,34011 ,34990 ,2024-01-03 9:18
Dec-23,7호선,2745,신풍,249843 ,231118 ,75384 ,73382 ,2024-01-03 9:18
Dec-23,7호선,2746,대림(구로구청),238703 ,243015 ,45962 ,45601 ,2024-01-03 9:18
Dec-23,7호선,2747,남구로,352049 ,373897 ,64013 ,64497 ,2024-01-03 9:18
Dec-23,7호선,2748,가산디지털단지,1029671 ,1029040 ,97373 ,91724 ,2024-01-03 9:18
Dec-23,7호선,2749,철산,520648 ,528029 ,109815 ,109398 ,2024-01-03 9:18
Dec-23,7호선,2750,광명사거리,445970 ,433431 ,156856 ,161515 ,2024-01-03 9:18
Dec-23,7호선,2751,천왕,266983 ,249560 ,60995 ,60899 ,2024-01-03 9:18
Dec-23,7호선,2752,온수(성공회대입구),234995 ,217392 ,42712 ,40073 ,2024-01-03 9:18
Dec-23,7호선,2755,춘의,1 ,0 ,0 ,0 ,2024-01-03 9:18
Dec-23,7호선,2756,신중동,1 ,0 ,0 ,0 ,2024-01-03 9:18
Dec-23,7호선,2760,굴포천,1 ,0 ,0 ,0 ,2024-01-03 9:18
Dec-23,8호선,2811,암사,428832 ,371210 ,109803 ,107710 ,2024-01-03 9:18
Dec-23,8호선,2812,천호(풍납토성),362784 ,432847 ,92555 ,92072 ,2024-01-03 9:18
Dec-23,8호선,2813,강동구청,236959 ,243791 ,70744 ,71608 ,2024-01-03 9:18
Dec-23,8호선,2814,몽촌토성(평화의문),163038 ,168763 ,36782 ,36601 ,2024-01-03 9:18
Dec-23,8호선,2815,잠실(송파구청),476460 ,563226 ,87854 ,85533 ,2024-01-03 9:18
Dec-23,8호선,2816,석촌,187847 ,227660 ,54998 ,58376 ,2024-01-03 9:18
Dec-23,8호선,2817,송파,214118 ,208536 ,68946 ,67903 ,2024-01-03 9:18
Dec-23,8호선,2818,가락시장,179186 ,205634 ,73212 ,74193 ,2024-01-03 9:18
Dec-23,8호선,2819,문정,511243 ,530172 ,64459 ,64191 ,2024-01-03 9:18
Dec-23,8호선,2820,장지,421755 ,385272 ,89743 ,84522 ,2024-01-03 9:18
Dec-23,8호선,2821,복정,227482 ,188724 ,40330 ,36142 ,2024-01-03 9:18
Dec-23,8호선,2822,산성,140509 ,138873 ,34851 ,37067 ,2024-01-03 9:18
Dec-23,8호선,2823,남한산성입구(성남법원.검찰청),315154 ,279320 ,77119 ,72771 ,2024-01-03 9:18
Dec-23,8호선,2824,단대오거리,273297 ,261171 ,75761 ,74191 ,2024-01-03 9:18
Dec-23,8호선,2825,신흥,113579 ,117883 ,42459 ,45275 ,2024-01-03 9:18
Dec-23,8호선,2826,수진,116478 ,104741 ,46833 ,46172 ,2024-01-03 9:18
Dec-23,8호선,2827,모란,91303 ,75876 ,55324 ,42282 ,2024-01-03 9:18
Dec-23,8호선,2828,남위례,168720 ,169953 ,34188 ,33199 ,2024-01-03 9:18
Dec-23,9호선,4101,개화,64820 ,42700 ,12731 ,9920 ,2024-01-03 9:18
Dec-23,9호선,4102,김포공항,217198 ,310861 ,20946 ,26722 ,2024-01-03 9:18
Dec-23,9호선,4103,공항시장,64898 ,68303 ,24870 ,26617 ,2024-01-03 9:18
Dec-23,9호선,4104,신방화,155382 ,151686 ,50908 ,51146 ,2024-01-03 9:18
Dec-23,9호선,4105,마곡나루(서울식물원),350635 ,344179 ,37345 ,36259 ,2024-01-03 9:18
Dec-23,9호선,4106,양천향교,235931 ,238765 ,48724 ,48115 ,2024-01-03 9:18
Dec-23,9호선,4107,가양,501547 ,484847 ,141125 ,137838 ,2024-01-03 9:18
Dec-23,9호선,4108,증미,179226 ,169501 ,37973 ,37756 ,2024-01-03 9:18
Dec-23,9호선,4109,등촌,258940 ,244587 ,86651 ,86909 ,2024-01-03 9:18
Dec-23,9호선,4110,염창,436450 ,414518 ,80933 ,78901 ,2024-01-03 9:18
Dec-23,9호선,4111,신목동,98852 ,85024 ,25024 ,23313 ,2024-01-03 9:18
Dec-23,9호선,4112,선유도,214246 ,201011 ,31259 ,30599 ,2024-01-03 9:18
Dec-23,9호선,4113,당산,490273 ,489449 ,73755 ,69075 ,2024-01-03 9:18
Dec-23,9호선,4114,국회의사당,391802 ,406082 ,62710 ,57154 ,2024-01-03 9:18
Dec-23,9호선,4115,여의도,784789 ,743058 ,56776 ,52292 ,2024-01-03 9:18
Dec-23,9호선,4116,샛강,151875 ,151210 ,30167 ,29721 ,2024-01-03 9:18
Dec-23,9호선,4117,노량진,707206 ,686094 ,105938 ,103672 ,2024-01-03 9:18
Dec-23,9호선,4118,노들,104870 ,84210 ,33757 ,30937 ,2024-01-03 9:18
Dec-23,9호선,4119,흑석(중앙대입구),215458 ,219181 ,59608 ,59872 ,2024-01-03 9:18
Dec-23,9호선,4120,동작(현충원),38541 ,32685 ,10843 ,9463 ,2024-01-03 9:18
Dec-23,9호선,4121,구반포,21278 ,21521 ,9251 ,9250 ,2024-01-03 9:18
Dec-23,9호선,4122,신반포,90419 ,87568 ,28541 ,28506 ,2024-01-03 9:18
Dec-23,9호선,4123,고속터미널,396988 ,575095 ,72488 ,86402 ,2024-01-03 9:18
Dec-23,9호선,4124,사평,94443 ,88387 ,25082 ,25032 ,2024-01-03 9:18
Dec-23,9호선,4125,신논현,882756 ,878594 ,57432 ,56351 ,2024-01-03 9:18
Dec-23,공항철도 1호선,4201,서울역,374308 ,344424 ,35886 ,32284 ,2024-01-03 9:18
Dec-23,공항철도 1호선,4202,공덕,73750 ,105924 ,8755 ,11115 ,2024-01-03 9:18
Dec-23,공항철도 1호선,4203,홍대입구,444277 ,442108 ,20385 ,18876 ,2024-01-03 9:18
Dec-23,공항철도 1호선,4204,디지털미디어시티,352347 ,330246 ,30334 ,28516 ,2024-01-03 9:18
Dec-23,공항철도 1호선,4206,마곡나루(서울식물원),263384 ,256452 ,16264 ,16605 ,2024-01-03 9:18
Dec-23,공항철도 1호선,4207,김포공항,293153 ,159623 ,24416 ,14899 ,2024-01-03 9:18
Dec-23,공항철도 1호선,4208,계양,346832 ,324408 ,37504 ,35211 ,2024-01-03 9:18
Dec-23,공항철도 1호선,4209,검암,171457 ,174894 ,17312 ,17427 ,2024-01-03 9:18
Dec-23,공항철도 1호선,4210,청라국제도시,198829 ,187317 ,15263 ,15052 ,2024-01-03 9:18
Dec-23,공항철도 1호선,4211,운서,245569 ,257928 ,29758 ,29837 ,2024-01-03 9:18
Dec-23,공항철도 1호선,4212,공항화물청사,49150 ,63265 ,9807 ,9341 ,2024-01-03 9:18
Dec-23,공항철도 1호선,4213,인천공항1터미널,378410 ,368324 ,33401 ,30208 ,2024-01-03 9:18
Dec-23,공항철도 1호선,4215,인천공항2터미널,195905 ,163532 ,16770 ,14713 ,2024-01-03 9:18
Dec-23,공항철도 1호선,4217,영종,100189 ,100950 ,21329 ,21094 ,2024-01-03 9:18
Dec-23,9호선2~3단계,4126,언주,290461 ,295077 ,33826 ,33689 ,2024-01-03 9:18
Dec-23,9호선2~3단계,4127,선정릉,240634 ,261389 ,28916 ,29855 ,2024-01-03 9:18
Dec-23,9호선2~3단계,4128,삼성중앙,182761 ,191075 ,28620 ,28078 ,2024-01-03 9:18
Dec-23,9호선2~3단계,4129,봉은사,591835 ,632668 ,58583 ,56892 ,2024-01-03 9:18
Dec-23,9호선2~3단계,4130,종합운동장,129609 ,125694 ,22515 ,20891 ,2024-01-03 9:18
Dec-23,9호선2~3단계,4131,삼전,183215 ,171461 ,41534 ,40862 ,2024-01-03 9:18
Dec-23,9호선2~3단계,4132,석촌고분,165957 ,161333 ,42013 ,42302 ,2024-01-03 9:18
Dec-23,9호선2~3단계,4133,석촌,235554 ,209363 ,42418 ,37417 ,2024-01-03 9:18
Dec-23,9호선2~3단계,4134,송파나루,143778 ,154048 ,31167 ,32738 ,2024-01-03 9:18
Dec-23,9호선2~3단계,4135,한성백제,70115 ,62152 ,18511 ,16862 ,2024-01-03 9:18
Dec-23,9호선2~3단계,4136,올림픽공원(한국체대),240685 ,259690 ,32108 ,32021 ,2024-01-03 9:18
Dec-23,9호선2~3단계,4137,둔촌오륜,25710 ,23365 ,7400 ,7835 ,2024-01-03 9:18
Dec-23,9호선2~3단계,4138,중앙보훈병원,249357 ,210542 ,79115 ,76869 ,2024-01-03 9:18
Dec-23,우이신설선,4701,북한산우이,54338 ,46424 ,35384 ,36612 ,2024-01-03 9:18
Dec-23,우이신설선,4702,솔밭공원,47383 ,41732 ,29394 ,29765 ,2024-01-03 9:18
Dec-23,우이신설선,4703,4.19민주묘지,62794 ,60167 ,34896 ,31971 ,2024-01-03 9:18
Dec-23,우이신설선,4704,가오리,75120 ,71456 ,51786 ,53154 ,2024-01-03 9:18
Dec-23,우이신설선,4705,화계,59810 ,53318 ,45453 ,45802 ,2024-01-03 9:18
Dec-23,우이신설선,4706,삼양,32417 ,32476 ,27449 ,30181 ,2024-01-03 9:18
Dec-23,우이신설선,4707,삼양사거리,39325 ,39007 ,36536 ,36215 ,2024-01-03 9:18
Dec-23,우이신설선,4708,솔샘,133494 ,120901 ,41731 ,43523 ,2024-01-03 9:18
Dec-23,우이신설선,4709,북한산보국문,147593 ,135559 ,46749 ,47002 ,2024-01-03 9:18
Dec-23,우이신설선,4710,정릉,97411 ,86097 ,48931 ,46301 ,2024-01-03 9:18
Dec-23,우이신설선,4711,성신여대입구(돈암),77088 ,91061 ,30897 ,30493 ,2024-01-03 9:18
Dec-23,우이신설선,4712,보문,32101 ,32328 ,16180 ,15760 ,2024-01-03 9:18
Dec-23,우이신설선,4713,신설동,34361 ,34613 ,31768 ,28026 ,2024-01-03 9:18
Dec-23,신림선,4401,샛강,58939 ,72395 ,13832 ,13267 ,2024-01-03 9:18
Dec-23,신림선,4402,대방,69162 ,50778 ,18710 ,15298 ,2024-01-03 9:18
Dec-23,신림선,4403,서울지방병무청,61387 ,66226 ,24747 ,26740 ,2024-01-03 9:18
Dec-23,신림선,4404,보라매,89887 ,82368 ,24184 ,22156 ,2024-01-03 9:18
Dec-23,신림선,4405,보라매공원,44085 ,46880 ,15768 ,16465 ,2024-01-03 9:18
Dec-23,신림선,4406,보라매병원,150922 ,158898 ,54728 ,53533 ,2024-01-03 9:18
Dec-23,신림선,4407,당곡,99991 ,95207 ,37130 ,37043 ,2024-01-03 9:18
Dec-23,신림선,4408,신림,35598 ,51450 ,16517 ,19771 ,2024-01-03 9:18
Dec-23,신림선,4409,서원,78201 ,65644 ,24823 ,24000 ,2024-01-03 9:18
Dec-23,신림선,4410,서울대벤처타운,217681 ,192290 ,65892 ,64942 ,2024-01-03 9:18
Dec-23,신림선,4411,관악산(서울대),52150 ,52755 ,26218 ,26549 ,2024-01-03 9:18
